44204,2260,-1308,16948,-463,414,-373
54084,2256,-1252,16932,-467,445,-371
63964,2172,-1308,16956,-455,393,-328
73844,2288,-1368,16956,-498,358,-257
83748,2276,-1380,17008,-496,220,-208
93608,2264,-1372,16680,-473,178,-158
103488,2216,-1464,16836,-411,83,-123
113364,2224,-1436,16772,-355,69,-130
123244,2248,-1424,16800,-353,101,-135
133384,2328,-1456,16788,-327,86,-155
143264,2276,-1528,16928,-317,51,-129
153144,2376,-1352,16756,-358,112,-135
163284,2388,-1448,16800,-457,189,-119
173424,2412,-1448,16660,-509,343,-121
183564,2284,-1480,16532,-540,417,-104
193704,2268,-1520,16756,-532,339,-53
203584,2364,-1532,16704,-490,229,25
213204,2332,-1496,16656,-407,143,98
222824,2328,-1428,16652,-276,126,162
232704,2308,-1452,16912,-119,111,193
242584,2316,-1340,16812,-50,269,230
252208,2256,-1280,16916,-8,367,251
261564,2108,-1244,17112,-37,460,173
271184,2104,-1248,17224,-91,470,82
280544,2024,-1236,17116,-165,460,9
289904,2048,-1208,17120,-298,476,-69
299784,2104,-1208,17120,-394,428,-126
309924,2068,-1320,17152,-468,448,-190
320064,2052,-1400,16900,-488,530,-270
330204,2116,-1380,16968,-503,590,-312
340344,2008,-1312,16812,-486,584,-306
350484,2036,-1408,16840,-479,523,-306
360624,2008,-1420,16996,-451,449,-283
370768,2016,-1396,16872,-422,319,-304
380904,2144,-1524,16944,-386,144,-234
391044,2160,-1444,17004,-462,102,-204
401184,2156,-1312,16828,-540,71,-163
411064,2228,-1420,17048,-599,134,-152
421204,2380,-1472,16776,-630,224,-201
431344,2368,-1388,16924,-530,397,-207
441484,2316,-1432,16780,-431,533,-157
451636,2168,-1472,16860,-397,485,-74
461496,2160,-1552,16868,-369,300,14
471128,2144,-1548,16644,-365,86,76
480484,2336,-1432,16692,-314,-14,131
490364,2404,-1412,16876,-331,-39,170
500268,2412,-1460,16852,-321,20,236
509864,2328,-1372,17044,-342,116,237
519744,2280,-1388,16884,-395,236,194
529624,2116,-1420,16916,-451,393,124
539504,2096,-1400,16904,-427,492,22
549124,2036,-1476,17008,-423,441,-69
559004,2148,-1488,16788,-397,398,-115
569144,2008,-1364,16696,-404,343,-139
579284,2152,-1448,16828,-336,326,-82
589164,2032,-1532,16840,-272,286,6
598524,2016,-1384,16984,-302,244,86
608144,2144,-1388,16904,-345,288,89
617764,2124,-1444,16912,-389,377,32
627384,2112,-1424,16996,-449,478,-83
637264,2024,-1432,16844,-484,532,-226
647404,2056,-1556,16800,-471,553,-327
657548,2060,-1556,16940,-431,557,-370
667688,2080,-1472,16808,-342,492,-371
677824,2084,-1420,16880,-290,468,-300
687964,2016,-1552,16812,-302,424,-155
698136,2008,-1536,16640,-349,267,-79
707984,1876,-1536,16616,-428,112,11
717596,1824,-1580,16560,-552,31,26
726964,2060,-1824,16656,-648,111,11
736588,1968,-1748,16468,-584,192,-70
746464,1840,-1772,16412,-466,329,-156
756604,1812,-1740,16648,-291,388,-201
766744,1768,-1596,16584,-65,285,-198
776624,1916,-1564,16572,79,142,-215
786244,1960,-1376,16744,161,158,-199
796124,2084,-1436,16836,234,277,-264
806004,2008,-1384,17156,201,368,-288
815908,2036,-1240,17072,88,413,-279
825504,1944,-1232,16912,-123,469,-249
835648,1952,-1264,16884,-289,463,-271
845784,1856,-1408,16900,-381,359,-294
855924,1880,-1452,16892,-396,271,-304
866088,2004,-1472,16948,-222,204,-301
876208,2088,-1416,16964,-137,259,-334
886344,2072,-1360,16940,-94,433,-344
896224,2080,-1316,17004,-74,519,-327
906104,1924,-1344,17104,-32,563,-325
916008,2012,-1392,17164,-138,409,-278
926124,2032,-1284,17112,-367,341,-228
936268,1992,-1244,16992,-556,323,-231
946404,2036,-1400,17008,-784,246,-243
956544,2080,-1364,16740,-872,341,-286
966688,2056,-1432,16928,-890,416,-327
976824,2104,-1476,16772,-723,403,-408
986964,2008,-1464,16780,-555,418,-485
997128,2160,-1460,16816,-340,446,-506
1007244,2124,-1364,16768,-151,577,-502
1017644,2124,-1404,17104,-55,689,-496
1027784,2124,-1340,16804,-182,712,-370
1038188,2132,-1312,16864,-321,688,-288
1048588,2040,-1412,16932,-468,600,-221
1058984,2032,-1396,17152,-545,411,-228
1069388,2028,-1396,17056,-581,257,-291
1079784,2056,-1400,16880,-552,171,-338
1090184,2056,-1372,16864,-495,180,-354
1100584,2152,-1352,16860,-448,129,-333
1110988,2144,-1344,16856,-362,160,-356
1121388,2296,-1420,16760,-383,401,-364
1131784,2248,-1380,16924,-357,584,-359
1142184,2108,-1316,16928,-414,641,-254
1152584,2008,-1448,16984,-477,533,-186
1162984,1980,-1436,16996,-521,392,-192
1173384,2000,-1544,16792,-603,265,-196
1183796,1932,-1576,16772,-614,164,-248
1194184,2056,-1644,16664,-625,190,-251
1204584,2036,-1748,16700,-491,214,-247
1214988,2004,-1612,16640,-314,226,-208
1225384,2020,-1624,16784,-119,240,-148
1235784,2008,-1516,16936,-3,263,-59
1245404,2016,-1444,16788,-9,318,-22
1255024,1976,-1432,16904,-10,510,-28
1264904,1932,-1488,16748,-86,658,-92
1274784,1832,-1472,16860,-200,718,-276
1285188,1860,-1436,16920,-247,684,-350
1295584,1908,-1464,16896,-329,576,-490
1305984,1936,-1508,16844,-376,392,-496
1316408,1964,-1480,16896,-414,376,-426
1326784,2052,-1380,17004,-391,396,-271
1337184,1984,-1416,17024,-328,474,-190
1347588,1904,-1452,17100,-279,486,-205
1357984,1888,-1388,16868,-273,661,-274
1368384,1948,-1336,16940,-247,774,-384
1378784,1892,-1468,17092,-284,782,-456
1389184,1800,-1264,16936,-335,722,-483
1399584,1804,-1348,16916,-431,510,-399
1409984,1844,-1304,16976,-544,308,-350
1420388,1816,-1400,16820,-638,142,-238
1430784,1828,-1496,16952,-703,87,-221
1440924,1952,-1476,16620,-720,148,-267
1451324,1992,-1552,16644,-680,313,-310
1461724,1952,-1592,16636,-580,433,-358
1472124,2008,-1552,16632,-463,402,-309
1482524,1868,-1496,16732,-379,276,-209
1492924,1948,-1520,16588,-272,198,-108
1503328,2036,-1464,16440,-252,278,-16
1513464,1848,-1516,16756,-199,260,20
1523344,1868,-1448,16596,-102,268,43
1533224,1764,-1480,16868,-6,232,25
1542584,1708,-1384,16764,5,226,-65
1551944,1860,-1376,17040,-2,296,-147
1561824,1680,-1380,17040,-46,302,-263
1571964,1788,-1316,16908,-129,381,-351
1582364,1800,-1368,17032,-163,529,-401
1592764,1852,-1356,16956,-199,549,-452
1603164,1932,-1388,16852,-202,543,-384
1613596,1916,-1324,17160,-261,485,-273
1623964,1924,-1392,16968,-339,392,-125
1634368,1976,-1416,17004,-451,397,4
1643984,1768,-1352,16992,-516,315,103
1654124,1812,-1392,16828,-576,284,186
1664264,1844,-1420,16748,-506,273,191
1674404,1752,-1456,16800,-449,324,159
1684548,1648,-1444,16996,-346,362,81
1694424,1772,-1476,16840,-288,487,13
1704304,1656,-1432,17032,-277,624,-25
1714444,1584,-1520,17036,-268,653,-57
1724584,1496,-1280,16972,-246,589,-48
1734728,1604,-1296,16864,-298,505,-33
1744864,1652,-1368,17168,-365,481,-26
1755004,1600,-1280,17076,-406,452,-65
1765144,1576,-1384,16912,-499,383,-116
1775544,1640,-1376,16856,-626,367,-218
1785948,1708,-1416,16752,-700,383,-300
1796344,1692,-1552,16556,-693,409,-356
1806744,1912,-1488,16636,-589,461,-357
1817144,1836,-1632,16692,-401,460,-322
1827544,1888,-1576,16596,-214,391,-285
1837944,1928,-1504,16468,-63,342,-210
1848084,1940,-1444,16604,51,418,-182
1857964,2060,-1380,16608,131,481,-121
1868108,2056,-1524,16892,153,545,-12
1877984,1868,-1496,16716,141,532,43
1887604,1768,-1408,16940,26,518,77
1896968,1728,-1372,16852,-87,581,88
1906584,1740,-1476,16976,-206,723,-9
1916464,1592,-1468,17048,-325,849,-164
1926864,1668,-1416,17128,-390,754,-319
1937264,1504,-1368,16944,-413,664,-403
1947668,1744,-1412,16904,-421,408,-335
1958064,1720,-1496,16952,-384,298,-197
1968464,1888,-1396,16868,-274,395,-60
1978604,1748,-1404,17044,-134,409,97
1988484,1748,-1368,17080,-65,335,282
1998388,1476,-1416,17056,-67,276,392
2008244,1528,-1416,17112,-118,130,402
2018388,1572,-1420,17032,-209,133,384
2028524,1632,-1304,17084,-272,176,250
2038664,1576,-1360,17076,-370,259,133
2048804,1380,-1436,17272,-406,238,-21
2058944,1536,-1332,17148,-459,269,-56
2069084,1564,-1368,17128,-569,280,-83
2079224,1488,-1432,16908,-634,325,-82
2089364,1484,-1500,16864,-632,327,-28
2099504,1368,-1508,16844,-686,262,52
2109388,1388,-1444,16836,-629,147,156
2119524,1408,-1612,16852,-576,45,145
2129404,1520,-1560,16860,-544,136,77
2139284,1556,-1572,16664,-478,298,25
2149164,1476,-1440,16900,-344,374,-56
2159304,1512,-1492,16900,-304,425,-97
2169444,1380,-1500,17012,-317,388,-129
2179868,1500,-1504,16920,-356,252,-234
2190244,1452,-1544,16980,-446,141,-168
2200648,1520,-1580,16816,-531,11,-137
2210784,1632,-1616,16816,-458,-5,-106
2220924,1680,-1544,16828,-366,98,-100
2231064,1796,-1488,16884,-355,225,-90
2241204,1680,-1436,16784,-329,290,-93
2251344,1736,-1516,16768,-411,299,-85
2261488,1688,-1520,16736,-442,301,-175
2271884,1644,-1544,16784,-434,196,-198
2282284,1764,-1492,16720,-419,185,-183
2292684,1852,-1552,16684,-384,158,-92
2302828,1760,-1632,16888,-311,163,40
2312704,1732,-1448,16872,-220,111,149
2322844,1708,-1528,16868,-129,129,199
2332984,1672,-1376,16928,-20,184,210
2342864,1584,-1300,16992,50,163,178
2352484,1564,-1384,17236,77,138,100
2362136,1624,-1404,17032,31,248,48
2371464,1628,-1352,17016,-89,273,-10
2381368,1520,-1336,17168,-234,287,29
2391224,1468,-1436,17188,-392,250,80
2401104,1504,-1384,17028,-519,250,57
2410984,1452,-1380,16928,-582,292,15
2420864,1520,-1460,16948,-630,311,-55
2431008,1456,-1364,16844,-657,293,-170
2441404,1592,-1440,16844,-576,294,-257
2451804,1576,-1488,16688,-465,197,-282
2462204,1572,-1512,16988,-401,197,-238
2472604,1652,-1540,16712,-339,249,-179
2483004,1548,-1436,16968,-303,371,-73
2493144,1572,-1524,17016,-343,324,-50
2503284,1684,-1428,16768,-438,353,-107
2513684,1664,-1496,16996,-512,431,-144
2524084,1720,-1652,16864,-533,475,-144
2534488,1700,-1552,16824,-525,421,-182
2544884,1616,-1540,16760,-464,350,-141
2555284,1728,-1548,16664,-354,365,-85
2565424,1748,-1544,16928,-223,424,-54
2575568,1668,-1548,16904,-136,510,-65
2585700,1624,-1416,16800,-106,558,-89
2595848,1604,-1556,16936,-134,563,-127
2606244,1480,-1548,17008,-175,495,-194
2616644,1732,-1440,16924,-243,478,-184
2627044,1584,-1456,16936,-252,438,-155
2637468,1560,-1404,17028,-277,356,-86
2647592,1528,-1480,16936,-280,278,17
2657464,1528,-1316,17200,-255,186,52
2667344,1488,-1336,17044,-326,163,89
2677224,1468,-1476,17052,-407,126,19
2687104,1492,-1524,16968,-484,159,-49
2697248,1516,-1544,16876,-543,126,-152
2707636,1588,-1544,16968,-579,111,-189
2718044,1680,-1504,16800,-610,186,-196
2728444,1708,-1524,16928,-603,225,-170
2738844,1736,-1596,17008,-517,317,-73
2748984,1612,-1512,17012,-409,327,3
2758604,1476,-1396,16948,-365,265,49
2768484,1624,-1428,16916,-342,192,73
2778364,1536,-1472,16896,-357,201,32
2788244,1600,-1516,16764,-425,189,-42
2798384,1508,-1572,16824,-472,208,-110
2808784,1648,-1528,16816,-502,218,-200
2819184,1656,-1512,16728,-496,240,-226
2829584,1668,-1648,16808,-493,338,-209
2839984,1640,-1728,16828,-484,342,-152
2850384,1712,-1668,16848,-388,376,-87
2860528,1500,-1588,16856,-313,335,41
2870404,1500,-1532,16856,-299,301,59
2880284,1432,-1544,16924,-334,203,22
2890164,1608,-1556,16784,-356,128,-36
2900304,1636,-1684,16796,-316,135,-87
2910444,1564,-1644,16816,-255,116,-114
2920836,1668,-1604,16740,-215,224,-107
2931244,1572,-1452,17100,-238,234,-62
2941384,1580,-1592,17060,-245,193,-35
2951524,1592,-1564,16772,-278,244,-11
2961664,1628,-1512,16868,-300,324,-7
2971544,1640,-1536,16768,-318,361,-30
2981684,1528,-1520,16932,-283,357,-45
2991824,1560,-1488,16920,-279,201,-130
3002224,1512,-1504,16892,-276,74,-103
3012388,1628,-1516,16824,-357,34,-82
3022248,1768,-1488,16768,-426,99,-80
3032128,1656,-1532,16832,-406,205,-37
3042264,1664,-1544,16860,-343,252,14
3052144,1616,-1524,16764,-296,278,69
3062024,1696,-1488,16760,-145,343,124
3072164,1520,-1412,16956,-75,278,150
3082044,1504,-1392,17124,-15,214,115
3091924,1496,-1428,17124,-33,113,9
3101284,1588,-1396,16988,-137,118,-90
3111424,1536,-1552,17108,-282,178,-200
3121824,1524,-1404,17104,-449,212,-215
3132224,1576,-1476,16956,-599,146,-192
3142624,1644,-1520,17000,-686,80,-95
3152504,1640,-1700,16840,-660,27,-47
3162384,1676,-1652,16784,-589,62,-21
3172264,1664,-1724,16648,-429,142,-1
3182144,1728,-1696,16920,-256,125,4
3191764,1616,-1556,16872,-207,124,-7
3201644,1536,-1476,16864,-175,21,-7
3211268,1684,-1564,16996,-163,-46,39
3221144,1668,-1592,17024,-220,-141,82
3231284,1652,-1564,16920,-254,-96,186
3241424,1512,-1524,16984,-356,-67,255
3251564,1580,-1620,17040,-408,-47,262
3261704,1644,-1560,16728,-500,-15,220
3271844,1460,-1616,16764,-522,-15,142
3281988,1456,-1692,16628,-438,21,72
3291604,1384,-1676,16672,-334,38,28
3301228,1412,-1480,16584,-200,-19,22
3311104,1484,-1508,16860,-42,-119,91
3320984,1436,-1488,16956,91,-221,138
3330864,1476,-1468,16884,70,-221,154
3340744,1524,-1436,17076,5,-156,94
3350104,1624,-1408,17180,-44,-42,1
3359464,1664,-1448,17004,-108,188,-140
3369864,1508,-1520,17212,-235,293,-254
3380276,1476,-1464,16996,-399,253,-362
3390664,1576,-1592,17028,-514,188,-345
3401064,1744,-1620,16876,-560,76,-282
3411204,1744,-1748,16880,-553,81,-211
3421344,1932,-1688,16780,-448,138,-122
3431744,1840,-1716,16580,-318,186,-71
3441884,1772,-1584,16852,-168,243,11
3451764,1684,-1536,16896,-13,183,61
3461384,1708,-1540,16872,109,187,109
3471264,1732,-1532,16980,176,221,87
3480884,1748,-1360,17200,127,265,10
3490504,1628,-1388,17124,18,273,-56
3500128,1632,-1368,17132,-211,278,-167
3510524,1668,-1452,17024,-453,312,-304
3520924,1688,-1516,16936,-630,391,-418
3531324,1672,-1620,16840,-735,365,-420
3541724,1664,-1596,16656,-711,291,-319
3552124,1760,-1708,16580,-546,187,-169
3562528,1596,-1488,16748,-327,141,-16
3572664,1592,-1508,17016,-59,127,14
3582284,1708,-1500,17112,186,95,-2
3591644,1640,-1384,17196,264,262,-101
3601784,1724,-1276,17492,215,331,-243
3611924,1748,-1172,17276,5,465,-385
3621544,1836,-1236,17432,-276,483,-511
3631944,1868,-1236,17504,-582,450,-543
3642344,2000,-1296,17144,-838,286,-549
3652748,2120,-1284,17048,-1075,197,-501
3663404,2132,-1336,16908,-1143,170,-409
3674064,2248,-1440,16864,-1064,200,-233
3684724,2344,-1628,16676,-938,295,9
3694368,2292,-1680,16628,-774,472,124
3704484,2172,-1528,16456,-600,588,237
3714624,1960,-1676,16500,-420,662,281
3724764,1832,-1600,16708,-310,594,324
3734904,1820,-1516,16864,-250,516,355
3745044,1848,-1516,16928,-354,524,410
3755184,1644,-1548,16524,-570,482,454
3765328,1604,-1600,16436,-857,572,481
3775464,1520,-1692,16244,-1005,715,407
3785868,1380,-1728,16372,-887,681,340
3796008,1364,-1868,16296,-643,600,226
3806144,1392,-1764,16220,-345,561,139
3816284,1496,-1664,16200,-33,541,156
3826164,1556,-1664,16344,236,582,204
3836044,1476,-1764,16508,426,582,287
3845924,1468,-1616,16788,502,562,354
3855804,1468,-1548,16656,451,560,350
3865688,1436,-1500,16820,251,589,281
3875564,1368,-1572,16872,44,576,110
3885184,1420,-1464,16964,-3,573,-8
3894544,1392,-1372,17208,-20,456,-137
3904684,1480,-1416,17276,31,403,-118
3914564,1492,-1280,17172,-2,326,-77
3924184,1516,-1472,17224,8,399,4
3933024,1544,-1524,17264,-18,548,85
3942644,1500,-1592,17168,-38,728,34
3952264,1372,-1532,17016,-90,779,-40
3962144,1372,-1632,17112,-62,761,-153
3972284,1240,-1608,16888,-59,731,-302
3982428,1368,-1600,16876,-23,697,-403
3992564,1312,-1564,16888,-18,720,-386
4002704,1372,-1468,17052,15,695,-386
4012584,1380,-1476,17184,-8,617,-351
4022464,1288,-1416,17132,-82,567,-327
4032608,1368,-1428,17100,-151,541,-337
4043004,1268,-1528,16968,-194,634,-345
4053404,1284,-1588,16724,-191,918,-403
4063804,1176,-1560,16872,-156,1239,-510
4074464,1056,-1544,16788,-77,1389,-617
4084864,1284,-1500,16936,-4,1365,-753
4095008,1480,-1428,16708,40,1825,-936
4105144,1236,-1528,16984,50,2016,-1111
4115548,1124,-1344,16756,-39,2286,-1135
4126204,1220,-1488,16832,-141,2619,-1166
4137124,1184,-1448,17012,-259,2757,-1309
4148044,1152,-1488,16816,-340,2878,-1287
4158964,920,-1472,16920,-286,2970,-1230
4169624,824,-1480,16928,-112,3021,-1167
4180284,732,-1464,17208,21,2899,-1232
4190424,836,-1556,16480,157,3327,-1250
4200824,792,-1484,16760,287,3865,-1364
4211248,408,-1572,17040,389,4166,-1563
4221624,132,-1560,17036,390,4209,-1747
4232024,264,-1296,16948,436,4268,-1899
4242424,264,-1276,17156,442,4174,-2000
4252824,228,-1444,17264,422,3912,-1959
4263224,124,-1328,17020,321,3659,-1736
4273624,376,-1136,17268,209,2959,-1465
4284024,196,-1268,17124,113,2513,-1136
4294424,252,-1584,16916,134,2384,-893
4304564,160,-1276,16728,266,3090,-810
4314704,64,-1348,16776,444,3825,-1043
4324848,24,-1544,16472,515,4723,-1455
4334984,-264,-1456,16488,637,5591,-1916
4345644,-560,-1300,16524,761,6114,-2234
4356304,-552,-1320,16672,1067,6252,-2407
4367224,-760,-984,16848,1380,6010,-2440
4377884,-776,-812,17084,1587,5317,-2176
4388544,-388,-676,17136,1477,4649,-1242
4399208,-212,-872,17164,1075,4240,-339
4409604,-232,-928,17028,764,4213,93
4419224,-624,-992,16624,548,4734,-13
4429104,-1060,-536,16964,290,5135,-444
4439504,-1020,-900,16612,26,6250,-1006
4449904,-1096,-1172,16096,-19,7803,-1589
4460824,-1140,-1064,16216,363,9428,-2225
4471744,-1420,-676,16508,925,10342,-2661
4482664,-1608,-720,16704,1082,10896,-2401
4493868,-2180,-324,17472,1310,9500,-1560
4504764,-2980,-848,17624,679,8187,-460
4515164,-3836,-488,18592,120,5945,255
4525304,-3508,-324,16352,497,4638,460
4535444,-3272,-248,16600,775,4209,654
4545588,-2924,-520,16532,739,3874,876
4555724,-2684,-776,16564,687,4294,954
4565868,-2580,-1024,15892,712,5308,856
4576268,-3188,-656,16180,874,6289,566
4586404,-3360,-596,15964,1034,7119,641
4596808,-4388,-428,16608,1160,7020,731
4607204,-4324,-272,16596,1140,6078,1013
4617864,-4488,-8,16796,946,4858,1362
4627744,-4744,72,16284,761,4117,1160
4637624,-4424,-192,16508,526,3523,1035
4648028,-4228,-452,16436,141,3323,1249
4658424,-4184,-432,16364,-233,3226,1248
4669084,-4476,-368,16436,-689,3353,1150
4679748,-4624,-196,16248,-1097,3480,837
4690404,-4732,-48,16028,-1441,3713,957
4700828,-4836,-332,16308,-1648,3822,1162
4711728,-4764,-256,16212,-1918,4250,1269
4722644,-5276,-664,16052,-1985,4996,1551
4733564,-5016,-128,16228,-2077,5495,1417
4744484,-5120,-256,16344,-2223,5653,904
4755144,-4860,-404,16468,-2222,5834,487
4765808,-4832,-144,17384,-2394,5692,444
4776464,-5388,-712,15788,-2270,5414,237
4787124,-5068,-1076,16252,-1632,6829,286
4798044,-4392,-1416,15832,-1149,7404,524
4808964,-4832,-1804,15700,-272,8646,476
4819624,-5376,-1364,15508,163,8409,337
4830024,-5464,-936,14560,-87,7515,-320
4840424,-5784,-292,15324,-689,6928,-1313
4851344,-5928,260,14356,-1209,6762,-1894
4862264,-6108,-120,14400,-1216,7806,-2446
4873444,-5876,544,13620,-1354,8964,-2510
4884364,-5728,-592,13976,-1855,9591,-2615
4895544,-5200,-1384,14088,-2233,10498,-2791
4907244,-5552,-2420,14288,-2045,10994,-2886
4918936,-5852,-2492,14552,-1466,11790,-3201
4930648,-6364,-2464,12492,-1218,13708,-3592
4942348,-8112,-2772,15280,-1605,11555,-4263
4954044,-8160,-2320,14068,-1876,10105,-5048
4965744,-8504,-1248,14020,-2450,8085,-6036
4977208,-8932,-52,13212,-2698,7868,-6796
4988104,-9848,772,13916,-2499,8119,-7074
4999024,-10164,84,13800,-2485,8104,-6653
5009968,-9996,-916,12860,-2659,8363,-5790
5021124,-10188,-2176,12616,-2759,8946,-4629
5032824,-10228,-3292,13352,-2941,8608,-3636
5044528,-10492,-3824,13628,-2988,8311,-3011
5056224,-10784,-3568,14936,-2212,7115,-2640
5067924,-10796,-3472,14800,-1457,6052,-2431
5079624,-11172,-2864,14484,-292,5524,-2058
5091096,-11340,-2312,14284,639,5647,-1451
5102244,-11284,-2480,13672,1212,5373,-894
5113424,-11108,-2396,12444,1421,5341,-425
5124604,-11088,-2348,11860,1280,5581,80
5135264,-11184,-2532,11604,915,5622,494
5145924,-11188,-2852,11700,399,5991,763
5156584,-10984,-2860,12556,349,5983,1317
5167504,-10640,-3228,12972,732,5918,2035
5178428,-10496,-3332,13492,1433,5741,2468
5189604,-10488,-3216,13156,2167,5556,2194
5200784,-10360,-2632,12564,2393,5741,1531
5211964,-10396,-1988,12020,2314,5568,696
5222884,-10672,-1588,12012,2052,5157,-171
5234064,-11052,-1564,12108,1855,4530,-850
5245236,-10932,-1328,11588,1775,4826,-1280
5256688,-10944,-1592,11268,1847,5423,-1242
5268124,-10996,-1980,10656,1657,6087,-1089
5279564,-11300,-2308,10880,1413,6829,-1039
5291004,-11648,-2760,11680,1276,7017,-799
5302184,-12236,-2964,12900,1739,6145,-531
5313364,-12360,-2620,12568,2222,5979,-653
5324572,-12420,-1632,12000,2692,5966,-612
5335728,-12368,-984,11044,2863,5859,-504
5346644,-14588,228,9636,2448,6168,117
5356784,-15044,-692,10084,1592,5247,951
5367444,-14776,-1088,9684,505,4402,1361
5378108,-13896,-692,9612,-251,4357,1906
5388764,-12504,-756,9300,-642,4853,2399
5399424,-11864,-1240,9904,-722,5379,2507
5410344,-11724,-1908,9832,-834,5470,1968
5421264,-12044,-2252,9956,-1105,5382,1134
5432444,-12284,-2108,9884,-1402,4970,455
5443364,-12228,-1824,9688,-1524,4936,244
5454284,-12044,-1364,9768,-1370,5619,367
5465204,-12200,-1464,10880,-817,5776,354
5476124,-12004,-1568,10408,-308,5873,-306
5487304,-12484,-1356,10756,98,5573,-1385
5498224,-15092,-480,10292,300,3964,-1909
5509148,-16736,-476,9140,-306,3076,-696
5519804,-15424,-504,9072,-534,3410,374
5530204,-13640,-1080,9392,-580,3695,609
5540868,-12588,-1316,9748,-134,4073,700
5551528,-12512,-1752,9540,445,4801,710
5561924,-12780,-1676,9192,734,5467,775
5572348,-13140,-1644,9096,813,5591,1016
5582988,-13140,-1380,8516,842,6026,1323
5593644,-13028,-1016,7916,987,7018,1711
5604304,-13076,-772,7748,947,8043,2174
5614704,-13016,-668,7516,712,8942,2359
5625104,-13752,-552,6856,-129,8492,2045
5635764,-14336,-396,7596,-1109,7384,1276
5646684,-14680,-540,8752,-1616,6175,86
5657084,-14800,-156,8616,-1717,5388,-725
5668004,-14776,-92,8040,-1532,5286,-836
5678664,-14556,-756,7284,-1498,5547,-427
5689584,-13884,-1424,6260,-1574,6720,-67
5700504,-13496,-1844,5236,-2326,7848,77
5711164,-14056,-1812,5700,-2813,8453,409
5722084,-15116,-1940,6400,-2787,9731,744
5733004,-15836,-2204,7480,-2614,10244,853
5744184,-16168,-2196,8200,-2270,8940,699
5755104,-15848,-2212,10512,-755,8733,246
5766024,-16140,-3396,10344,1164,7258,-614
5777204,-16024,-1900,7108,1461,4489,-1027
5788384,-15404,-1020,5132,1452,4825,-1115
5799564,-14436,-884,4796,1154,5394,-838
5810228,-14160,-1252,4588,859,5876,-646
5820884,-14064,-1296,4648,758,7140,-675
5831544,-13928,-1428,4004,511,7841,-690
5842204,-14820,-896,4492,541,10168,-352
5852864,-15312,-996,4588,604,11875,177
5863264,-15104,-880,4444,462,12739,600
5873668,-15040,-1236,4860,364,13155,632
5884328,-15184,-1036,4904,33,12797,675
5894724,-14476,-1152,4296,-345,12879,372
5905644,-14732,-1072,3688,-613,13085,-71
5916564,-16116,-940,3696,-474,13273,-85
5927224,-16156,-1444,2928,-907,13121,865
5938144,-16000,-1084,2892,-930,13072,1722
5949324,-15592,-808,1556,-937,13632,2117
5960244,-15872,-1056,2000,-1076,14216,2281
5971708,-16560,-1544,1720,-1423,14124,2158
5983124,-16832,-2004,1480,-1587,13558,1912
5994568,-16936,-1796,2396,-1612,11795,1216
6006004,-16680,-1772,2036,-1344,9520,471
6016924,-16420,-1208,644,-986,8686,111
6027328,-15972,-928,92,-768,8773,-49
6037204,-15432,-1028,-676,-742,8862,-170
6048124,-15160,-1216,-788,-922,9365,-61
6058784,-14424,-1432,-1196,-1149,9777,59
6069704,-14588,-1528,-1256,-1213,10946,69
6080884,-15140,-1648,-1516,-1303,11540,-64
6092348,-16024,-1256,-672,-1310,12172,-61
6103504,-15992,-1268,-1200,-1171,12757,-97
6114944,-16500,-880,-1440,-793,14232,-293
6126124,-16312,-756,-2840,-550,17545,-281
6137304,-16804,-984,0,-130,17543,-225
6147444,-16328,-712,-2612,193,15923,-478
6158368,-16252,-684,-3120,424,16535,-395
6169284,-16224,-820,-3872,608,17433,-93
6179948,-16076,-856,-4280,769,18274,-204
6190888,-15672,-796,-4904,897,19196,-113
6201784,-15576,-760,-5336,1293,19061,94
6212444,-12268,-976,-5672,1531,19844,-284
6223648,-15644,-508,-4128,1681,18585,-74
6234544,-16632,-972,-4804,1185,15183,1376
6245724,-15004,-1400,-5576,1112,13110,1595
6257168,-14392,-1180,-6912,1222,13380,854
6268344,-14752,-732,-6904,1001,13231,786
6279268,-14444,-872,-6640,963,12452,915
6289928,-13888,-792,-7452,923,12174,973
6300584,-13888,-892,-7740,943,12403,1197
6311504,-13832,-1040,-8396,874,13037,1241
6322684,-13680,-1060,-8632,1017,14423,1313
6334128,-13624,-916,-8912,992,15733,1443
6345044,-13368,-1092,-9200,837,16015,1537
6356224,-12828,-1272,-9692,641,16385,1341
6367404,-12696,-1280,-9976,615,17528,1155
6378588,-12452,-1224,-9572,693,18265,1134
6389768,-12028,-1368,-8908,784,17289,1053
6400944,-12096,-1228,-9224,812,15466,973
6411864,-11596,-1140,-9928,847,13665,891
6422784,-11472,-1240,-10348,755,11954,769
6433964,-11196,-1328,-10772,540,10077,572
6445148,-10840,-1404,-11032,232,8560,290
6456092,-10604,-1220,-11500,-54,7943,0
6466464,-10676,-1212,-11668,-280,7646,-190
6477908,-10664,-1216,-11492,-384,6859,-458
6489344,-10596,-840,-11632,-475,6181,-709
6500524,-10424,-856,-11800,-458,5918,-788
6511708,-10388,-912,-12172,-360,6315,-873
6522888,-10528,-832,-11936,-447,6578,-816
6534064,-10580,-816,-11936,-643,6101,-718
6545244,-10380,-584,-12060,-810,5310,-619
6556448,-10124,-1128,-12084,-872,4651,-660
6567864,-10012,-1204,-12112,-805,3815,-949
6579308,-10172,-956,-12304,-578,3065,-1299
6590744,-10384,-720,-12572,-195,3138,-1342
6602184,-10220,-416,-12756,65,3849,-1069
6613104,-10084,-452,-13660,307,5389,-749
6624024,-9400,-424,-14076,245,7408,-572
6634684,-8804,-588,-13920,-45,9263,-517
6645344,-8024,-732,-13812,-83,11596,-526
6656264,-7900,-1324,-13920,-7,13701,-504
6667184,-8168,-1416,-13936,-6,16001,-358
6678104,-8476,-1352,-14424,-34,18269,140
6689024,-10124,-952,-15488,9,22350,1618
6699684,-8776,-1960,-13696,-292,22786,2183
6711124,-6952,-2336,-13952,-146,22123,2079
6722568,-6808,-1456,-13968,245,21777,1926
6733744,-7064,-1396,-13964,332,19535,1672
6744924,-6044,-1412,-14640,213,17675,1419
6756128,-5360,-1076,-15452,-39,16479,1357
6767284,-5212,-1204,-14744,-141,14844,1294
6778724,-4656,-1320,-14384,-149,12842,942
6789928,-3588,-1096,-15128,65,12591,437
6800564,-3064,-700,-15720,514,14733,84
6810964,-3328,-552,-15972,779,16930,52
6821364,-3456,-756,-16124,1091,19073,139
6832284,-3276,-816,-16928,1444,21418,430
6843204,-3744,-1020,-16528,1317,21687,868
6854408,-2768,-1632,-15364,652,17063,480
6865304,-1732,-1476,-14624,287,11485,-212
6876484,-896,-1504,-15284,379,8786,-853
6887144,-736,-1460,-15880,624,9010,-1035
6898064,-1284,-1408,-16432,382,9182,-961
6908980,-1100,-1532,-16260,50,8608,-828
6919644,-924,-1272,-15756,-34,7975,-612
6930304,-460,-1100,-15820,217,8077,-317
6940964,-72,-996,-16072,505,9043,-113
6951104,272,-908,-16072,558,9526,-24
6960984,292,-1020,-16032,473,9580,-26
6971148,256,-1008,-15636,549,9178,-59
6981264,584,-1424,-15756,754,8631,-198
6991664,720,-1680,-16156,938,8119,-319
7002064,944,-1688,-16224,937,7577,-483
7012464,1400,-1488,-16508,853,7467,-472
7023124,1640,-1300,-16580,817,8490,-352
7033784,1688,-1376,-15636,893,9560,-167
7044444,1816,-1300,-15492,967,9993,-24
7054844,2236,-1664,-15892,1147,10417,-33
7065764,2376,-1724,-15436,1443,10974,-154
7076948,2560,-1676,-15340,1848,11605,-231
7088124,2548,-1672,-15376,2362,11829,-180
7099304,3076,-1612,-16220,2477,11559,-84
7110224,3568,-1856,-17364,2011,12174,352
7121144,3652,-2252,-16992,1462,12797,287
7132064,4512,-2264,-16448,996,11405,-306
7142984,5640,-1764,-15724,571,9231,-1329
7153904,5340,-1472,-15452,523,7826,-2087
7164824,5168,-1188,-16340,596,8933,-2216
7175744,4324,-1464,-16108,713,11439,-1745
7186928,3252,-2156,-14492,1013,11902,-1142
7198364,3300,-2704,-14016,1321,9736,-610
7209284,4064,-2668,-15080,992,7481,-165
7219944,4868,-2452,-16468,306,7496,146
7230344,5572,-2308,-16304,-355,9021,593
7241008,6100,-1984,-15020,-661,9434,513
7251664,6980,-2296,-14996,-427,10758,373
7262584,6924,-2384,-14004,10,11007,113
7273008,6632,-2340,-14340,139,9128,-153
7283644,6352,-2260,-15724,-24,9006,-19
7294048,6464,-2444,-15584,-320,9895,412
7304704,7100,-2140,-14964,-560,10623,752
7315624,7252,-2252,-14252,-448,11093,925
7326544,7236,-2556,-14236,-101,10733,984
7337464,7496,-2524,-14332,226,10355,948
7348124,7828,-2368,-13508,742,9109,916
7358528,8088,-2284,-13800,1281,7614,855
7369184,8424,-2264,-14180,1533,6765,896
7379844,8304,-2388,-14304,1624,6664,1051
7390764,8088,-2120,-14264,1860,6565,876
7401424,8604,-2356,-13000,2238,5212,775
7412084,8860,-3144,-12688,2509,3531,778
7422744,8576,-2672,-13440,3045,2800,584
7433404,8104,-2784,-13620,3145,3399,862
7444064,8580,-2724,-12732,3046,2736,985
7454728,8784,-2524,-13120,3048,2739,1047
7465648,8564,-2816,-13892,2805,4320,1369
7476564,9248,-3308,-13196,2406,5920,1385
7487484,10168,-3216,-12204,2016,6591,1024
7498664,10124,-2744,-12992,1510,7914,606
7509584,10072,-3096,-12532,1259,8939,354
7520504,9988,-3152,-12140,1166,7222,388
7531164,10008,-3280,-12720,1085,6039,248
7542084,10084,-3044,-13372,820,6410,94
7552484,10152,-3284,-12880,872,6326,-80
7563144,10560,-2720,-13788,1189,7188,-195
7574324,10828,-2848,-13664,1311,9829,-292
7585504,11188,-3412,-12728,1591,10104,-620
7596944,11376,-3660,-12872,1803,9900,-846
7608124,11180,-3528,-12232,1787,10330,-973
7619564,11332,-3500,-11516,1278,11360,-1135
7631264,11544,-3412,-11032,658,12259,-1086
7642704,10956,-3872,-10192,407,11148,-919
7653884,11592,-3608,-11092,699,9819,-877
7664804,11912,-3540,-10884,1024,9017,-707
7675988,12220,-3716,-12152,1004,9657,-572
7687164,12512,-3580,-12100,1237,12547,-892
7698604,12508,-3088,-10588,1547,14080,-998
7710044,12788,-2960,-9516,1536,15186,-955
7721224,12872,-3608,-9368,1362,16117,-1117
7732664,13036,-3540,-9020,1093,17163,-1042
7744104,12920,-3076,-7740,1209,16929,-996
7755308,13044,-3248,-7376,921,14265,-798
7766204,13272,-3396,-6460,128,12228,-769
7777124,13876,-3224,-8108,-458,12170,-852
7788328,14420,-3200,-8116,-579,12258,-895
7799484,14656,-3692,-7812,-64,13252,-1438
7810664,14984,-3884,-7696,594,13437,-1903
7821868,14944,-3324,-7172,1165,15319,-2286
7833284,14460,-2968,-5744,499,15358,-2200
7844464,14668,-3832,-9028,461,16889,-2458
7855668,14504,-3088,-5752,920,18480,-2090
7866824,15268,-2996,-7132,684,17444,-1429
7878004,15168,-3504,-6692,436,15930,-1100
7889184,15884,-3304,-5892,367,15027,-1101
7900368,15996,-2888,-4900,427,13784,-854
7911276,16176,-3112,-4668,139,13061,-795
7922228,16124,-3124,-4364,-73,12603,-886
7933124,16296,-3128,-4676,-77,13114,-940
7944044,16136,-3352,-3944,32,13431,-862
7954704,16224,-3192,-4100,166,13987,-826
7965624,16220,-3168,-4256,165,15997,-889
7976544,15900,-2908,-2500,130,16096,-1134
7987728,16204,-3140,-1936,-147,15315,-1075
7999164,16420,-3084,-1948,-383,14260,-1065
8010604,16272,-2988,-1496,-713,12841,-1119
8022048,16464,-3008,-928,-985,11363,-1109
8033228,16372,-2964,-864,-1192,10291,-1066
8044664,16660,-2800,-880,-1101,10798,-994
8055848,16932,-2676,-1192,-830,12384,-1033
8067284,16952,-2956,-1452,-700,14763,-1147
8078724,16692,-2920,-1220,-606,17333,-1376
8090164,16616,-3056,532,-330,18125,-1585
8101084,16480,-3100,1884,-327,16488,-1637
8112268,16112,-2848,1720,-529,14536,-1411
8123448,16120,-2416,1828,-682,13609,-1167
8134624,16344,-2672,2336,-680,13131,-840
8145544,16492,-2948,2236,-642,12577,-604
8156464,16220,-2740,3200,-502,12001,-504
8167384,16224,-2520,3052,-506,12267,-598
8178304,16228,-2540,3080,-461,13350,-774
8189224,16356,-2812,3912,-229,14528,-1145
8200404,16324,-2704,4436,41,14234,-1434
8211064,16248,-2372,4192,-47,14020,-1453
8221984,16280,-2728,4100,-385,14771,-1667
8233168,16464,-2744,5520,-212,14571,-1813
8244336,16304,-2452,5124,-12,14901,-1586
8255264,15944,-2312,5380,210,15415,-1411
8266184,15468,-2316,6344,218,14963,-1301
8277104,15280,-2220,6516,109,14098,-1290
8288024,15656,-2436,6348,25,13989,-1289
8298684,15724,-2808,6744,205,14397,-1229
8309604,15364,-2120,7204,535,14873,-1163
8320528,15036,-2368,7524,517,14652,-1142
8331444,14576,-2484,8068,448,14407,-864
8342104,14172,-1964,9064,273,12611,-529
8352764,14168,-2160,9120,-144,10411,-231
8363684,14112,-2120,9080,-463,8995,-86
8374084,14000,-1972,8408,-688,8649,34
8384224,13896,-1940,8812,-761,8724,-43
8394624,14008,-2164,8940,-694,8726,-247
8405284,14364,-2236,8964,-505,9407,-400
8415944,14296,-2212,9672,-275,9576,-366
8426608,14152,-1916,9852,-183,9351,-94
8437004,14264,-2592,9572,-217,9560,99
8447144,13728,-2492,9832,-73,10068,204
8457548,13836,-2220,10160,164,11061,231
8468204,13532,-2176,10252,459,12786,242
8478864,13140,-2176,9940,591,14273,153
8489264,12848,-2256,10212,522,15017,210
8499924,12576,-1916,10472,412,15134,206
8510584,12608,-2260,11144,229,15160,318
8521268,12732,-2068,10288,157,16567,346
8531904,12672,-2072,11188,402,19126,517
8542564,12128,-2040,12160,430,20485,541
8553248,11528,-2124,12712,167,20396,700
8563884,10420,-2048,14040,-28,18576,963
8574544,10432,-2544,12992,-469,16787,874
8585464,9920,-2172,13392,-805,15498,1101
8596384,10004,-1844,14296,-1066,13852,1194
8607828,9764,-1884,14288,-1371,12698,1159
8619004,9860,-1656,13772,-1334,12728,1126
8630184,9372,-2372,14152,-1443,12923,727
8641104,9304,-2220,14692,-1418,12032,487
8652024,9192,-2436,14776,-1327,11239,200
8662944,9108,-2356,14756,-1113,11032,169
8673864,8856,-2556,14336,-998,11544,-26
8684524,8660,-2304,14116,-858,12664,-222
8695444,7992,-2012,14828,-632,13750,-320
8706364,8000,-2532,14480,-601,14457,-777
8717284,7724,-2552,14808,-507,14597,-930
8728204,7148,-2436,15904,-508,13454,-1021
8739384,6820,-2436,15736,-614,11969,-1043
8750564,6660,-2440,15972,-555,11218,-1057
8761744,6576,-2620,16148,-543,9990,-1092
8772660,6280,-2532,16528,-560,8154,-1005
8783584,6072,-2408,16408,-611,5939,-881
8794244,6560,-2120,15544,-606,5709,-723
8804904,6616,-2588,15244,-605,7590,-845
8815564,6148,-2164,15880,-459,8895,-726
8826224,5644,-1996,16256,-464,9272,-690
8836884,5584,-1952,15372,-357,10534,-773
8847804,5164,-2124,15948,-96,11970,-993
8858464,5004,-2088,16244,147,11726,-938
8869124,4656,-2744,16460,191,10817,-1153
8880044,4308,-2596,17180,212,8464,-1059
8890704,4276,-2388,16720,21,6396,-1002
8901104,4248,-2360,16472,7,5642,-937
8910988,4032,-2116,16448,35,5445,-898
8921128,3736,-2064,16216,-86,5474,-851
8931524,3660,-2132,16248,-33,5735,-889
8941924,3472,-2212,16388,153,6177,-871
8952328,3380,-2224,16180,401,7788,-787
8962724,3180,-2192,16660,554,9188,-716
8973124,3016,-2232,16968,573,9122,-767
8983524,3028,-2244,16692,360,8312,-837
8993924,2916,-1984,17220,75,7135,-886
9004068,2600,-2040,17312,-205,5578,-923
9014724,2692,-1996,16984,-229,4870,-995
9025388,2624,-2128,16880,-83,4640,-1088
9036044,2696,-2036,16640,55,5037,-1093
9046444,2604,-2168,16404,58,6458,-972
9056588,2192,-2216,17368,-53,7056,-896
9066984,1720,-2188,17240,-247,6191,-884
9077644,1720,-1928,16808,-258,5244,-1011
9088564,1436,-1984,16868,-270,4529,-1106
9099484,1444,-2096,17104,-295,4240,-1202
9110404,1504,-1820,17036,-239,4298,-1217
9121324,1196,-1896,17004,-247,4017,-1162
9132244,948,-2096,17196,-147,3300,-1120
9142904,964,-2164,16572,-27,2854,-1005
9153304,1144,-1996,16444,104,3397,-982
9163704,1144,-2092,16352,325,4395,-1013
9174364,1016,-2096,16816,372,5021,-961
9184764,996,-2100,16604,299,5402,-794
9194904,656,-2132,16796,176,5407,-690
9205044,444,-2036,16864,-49,4713,-582
9215184,264,-2004,17092,-138,3554,-523
9225584,20,-1928,17292,-255,2260,-479
9235724,116,-1860,17440,-356,521,-424
9245864,240,-2036,17344,-419,-877,-419
9256268,592,-1952,16840,-337,-901,-423
9266664,764,-2120,16740,-127,-188,-397
9277064,752,-1952,16580,-3,691,-388
9286688,812,-2092,16948,-34,1164,-283
9296824,632,-1944,16872,-14,815,-194
9306704,500,-2016,17132,61,314,-111
9316324,428,-1968,17256,19,-309,-20
9325944,484,-1828,17260,-104,-942,68
9335828,424,-1780,17236,-195,-1709,45
9345964,124,-1696,17524,-263,-2954,45
9356104,276,-2080,17620,-531,-4577,149
9366504,620,-2196,17188,-308,-4794,185
9376908,904,-1832,16784,-20,-4270,186
9387048,1620,-1844,16304,238,-3135,446
9397444,1628,-2116,16560,388,-1986,583
9407844,1620,-1860,16448,439,-697,579
9417984,1616,-1692,16228,467,-188,490
9428124,1416,-1876,16768,420,-451,460
9438268,1500,-2152,16704,481,-883,536
9448404,1664,-1844,16688,683,-649,680
9458544,1480,-1684,16964,880,-488,751
9468708,1372,-1744,16772,996,-433,757
9478824,1224,-1596,17076,947,72,745
9488448,1080,-1708,17216,735,281,579
9498324,1028,-1468,17556,389,235,200
9508204,1080,-1556,17500,-28,102,-65
9518088,1272,-1548,17600,-429,369,-214
9528484,1336,-1540,17408,-894,332,-150
9538884,1548,-1596,17256,-1146,577,-17
9549284,1688,-1592,17016,-1090,1150,54
9559708,1572,-1536,16784,-945,1615,183
9570084,1328,-1624,16956,-796,1405,398
9580484,1296,-1644,17200,-727,599,569
9590624,1248,-1612,17012,-657,-88,718
9600796,1024,-1696,17360,-617,-376,828
9611164,1216,-1996,16832,-658,-646,828
9621568,1164,-1896,16844,-695,-206,707
9631964,1168,-1940,16952,-781,257,529
9642104,1196,-1900,16852,-843,745,427
9652248,1080,-1800,17032,-860,1106,340
9662644,1044,-1888,17132,-823,1157,265
9673044,1080,-1844,17016,-734,1154,292
9683444,912,-1768,17160,-658,951,361
9693324,880,-1836,17184,-621,687,451
9703204,836,-1984,17032,-686,389,465
9713084,716,-1992,16936,-857,241,484
9722968,640,-2076,17108,-966,224,548
9732844,572,-2132,16672,-1154,289,485
9742984,544,-2020,17052,-1313,-73,342
9753148,684,-2048,16780,-1181,112,206
9763264,592,-2016,16740,-1034,311,61
9773148,616,-2248,16480,-1033,727,-95
9783284,448,-2216,16772,-982,592,-148
9793424,588,-2268,16656,-841,722,-208
9803564,576,-2244,16616,-688,997,-281
9813704,412,-2268,16852,-708,810,-406
9823844,576,-2164,16760,-692,544,-520
9833984,708,-2256,16712,-703,275,-545
9844124,712,-2204,16544,-698,138,-476
9854264,992,-2220,16568,-664,198,-340
9864404,1044,-2140,16312,-637,352,-245
9874804,1068,-2304,16180,-753,965,-190
9885228,956,-2028,16768,-744,885,-122
9895344,1084,-2248,16472,-570,1357,-1
9905484,864,-2208,16580,-417,2045,31
9915364,760,-2116,17060,-348,1762,12
9925244,696,-2108,17120,-328,1050,-127
9935644,832,-2052,17040,-318,775,-242
9945784,700,-2104,16992,-262,636,-337
9955924,624,-2024,17152,-338,155,-432
9966064,844,-2000,17044,-447,-120,-475
9976464,892,-2188,16880,-485,-59,-510
9986604,952,-2188,16832,-574,197,-601
9996744,1092,-1956,16804,-592,336,-576
10007144,1176,-2052,16716,-579,341,-555
10017808,1076,-2056,16936,-555,117,-485
10028464,1260,-2132,16788,-375,28,-309
10038864,1404,-2144,16700,-142,383,-158
10049524,1256,-2204,16816,-95,696,63
10059404,1232,-2300,16868,-154,569,280
10069804,988,-2228,16916,-198,335,434
10079944,952,-2176,16828,-179,282,358
10090084,832,-2080,16756,-143,270,259
10100224,800,-2200,16948,-1,328,182
10109844,748,-2240,16628,12,497,147
10119464,656,-2328,17140,-17,402,122
10129344,608,-2264,17064,-78,59,-26
10138964,876,-2056,16964,-80,56,-150
10148844,892,-2120,17084,-77,212,-217
10158984,864,-2256,17252,-103,123,-150
10169396,904,-2276,16932,-213,14,-57
10179264,988,-2180,17340,-448,188,56
10189144,920,-1972,17064,-644,156,139
10199284,964,-1892,17204,-698,270,165
10209424,732,-1868,17484,-770,196,128
10219572,836,-1988,17212,-791,5,210
10229184,816,-2024,16644,-795,285,254
10239324,660,-2192,16988,-827,257,141
10249464,648,-2228,16732,-852,99,7
10258824,620,-2104,16680,-822,204,-95
10268964,744,-2220,16744,-708,177,-241
10279364,812,-2304,16624,-463,-20,-365
10289764,952,-2320,16616,-162,-7,-317
10299904,1008,-2344,16632,-102,-15,-204
10310564,1072,-2128,16752,-74,-28,28
10320444,1040,-1992,16708,-21,-116,166
10330844,1044,-1868,16740,66,-187,262
10340984,856,-1976,16924,105,-158,267
10351148,824,-2156,16956,68,-81,251
10360744,884,-2080,17052,-45,91,232
10370364,736,-2064,17344,-170,55,168
10380244,844,-1996,16960,-301,-37,65
10390124,828,-1960,17016,-445,-124,-58
10400548,828,-2148,16736,-449,-215,-138
10411184,908,-2132,16844,-598,-471,-242
10421844,1112,-1924,16692,-432,-210,-212
10432764,1088,-2036,16636,-156,12,-223
10443164,1092,-2112,16744,-33,-164,-155
10453824,1176,-2180,16444,-39,59,-37
10463704,1060,-2268,16812,-93,278,32
10473584,1024,-2200,16928,-240,208,129
10483984,1008,-2108,16668,-364,333,187
10494384,892,-2292,16696,-434,421,250
10504524,776,-2440,16696,-517,461,207
10514668,840,-2196,16692,-565,506,153
10524804,688,-2464,16920,-705,352,161
10534948,756,-2400,16692,-677,348,120
10545084,764,-2276,16572,-563,647,50
10554964,604,-2444,16648,-395,659,-6
10564844,616,-2408,16536,-297,477,-87
10574988,556,-2336,16612,-109,392,-138
10585384,580,-2452,16880,109,400,-322
10595524,676,-2200,16972,241,392,-488
10605668,720,-2128,16856,233,372,-648
10615804,872,-1968,17176,98,309,-683
10625684,1000,-2060,17072,-65,82,-606
10635824,1112,-2044,17148,-165,-104,-451
10646744,1128,-2004,16988,-181,96,-242
10657144,1072,-2020,16896,-242,386,-94
10667568,928,-2020,16892,-264,455,-137
10677944,776,-2096,17172,-298,185,-217
10688344,928,-1884,17016,-354,42,-361
10698508,916,-1760,16948,-344,75,-501
10708624,1080,-2000,16932,-338,80,-514
10719024,1148,-1960,16908,-328,158,-526
10729684,1308,-1868,16880,-304,198,-375
10740344,1340,-1952,17016,-260,316,-253
10751008,1140,-1912,16992,-210,357,-159
10761664,1168,-1884,17092,-182,270,-82
10772064,1228,-1996,16928,-239,289,-15
10782492,1156,-1928,17080,-234,338,45
10792604,1196,-1936,16936,-293,347,115
10803004,964,-2008,17128,-380,323,158
10813144,968,-2008,16900,-467,175,194
10823284,952,-2104,16836,-483,202,200
10833448,752,-2092,17140,-495,64,138
10843304,924,-2076,16908,-564,80,94
10852924,788,-2076,16820,-483,232,-51
10863064,936,-2180,16848,-521,132,-200
10873464,884,-2124,16880,-563,3,-211
10883344,1024,-2264,16772,-472,125,-150
10894004,1116,-2284,16876,-428,242,-12
10904404,1048,-2268,16976,-482,262,69
10914568,984,-2084,16732,-522,224,166
10924684,904,-2252,16912,-562,178,208
10934824,908,-2188,16584,-587,144,215
10944964,856,-2224,16580,-495,147,226
10955104,820,-2312,16508,-391,312,123
10965244,700,-2200,16756,-252,348,44
10975124,644,-2224,16720,-233,272,-44
10985264,732,-2136,16768,-222,167,-126
10995664,812,-2132,16916,-214,101,-168
11006060,968,-2176,16852,-284,167,-193
11016464,1112,-2056,16932,-331,331,-153
11027124,1064,-2012,16908,-385,437,-122
11037788,1052,-1932,16940,-392,454,-77
11048184,884,-1976,16808,-428,379,4
11057804,888,-1964,17020,-379,281,46
11067684,920,-2004,16816,-370,178,58
11077564,1036,-1948,16668,-266,211,7
11087444,876,-2244,16780,-180,375,-10
11097584,764,-2076,16856,-238,390,-15
11107728,840,-2064,16744,-278,354,-107
11118124,944,-2088,16580,-231,363,-229
11128524,928,-2040,16680,-71,405,-358
11138664,964,-2188,16936,-9,356,-399
11148544,1096,-2072,16904,-42,214,-329
11158944,1144,-2076,16880,-44,210,-229
11169344,1248,-2024,17012,-91,213,-148
11179744,1240,-2108,16976,-81,248,-28
11189884,1228,-2172,16956,-6,290,10
11199508,1112,-2100,16992,-11,485,54
11209384,932,-2116,17208,-23,376,109
11219264,1052,-2208,17120,-145,273,118
11229664,944,-2056,17084,-342,272,-5
11239544,940,-2004,17044,-459,364,-6
11249448,992,-2056,16916,-451,791,-19
11259568,792,-2224,16960,-407,769,16
11269444,844,-2128,16832,-447,649,108
11279584,760,-1984,16984,-411,552,165
11289724,724,-2024,16956,-274,470,174
11299868,596,-2164,17260,-265,212,115
11310004,552,-2112,17000,-336,19,69
11319628,724,-2052,16776,-463,131,2
11329244,768,-2044,16576,-614,382,-25
11339384,652,-2080,16708,-618,638,-123
11349784,600,-2204,16964,-563,687,-158
11360184,716,-2056,16748,-475,675,-271
11370588,680,-2104,16716,-418,552,-368
11380984,732,-2076,16736,-388,392,-371
11391384,744,-1956,16712,-316,242,-323
11401784,972,-2044,16744,-228,246,-290
11412184,836,-2052,16868,-140,183,-251
11422584,924,-1988,16708,-203,187,-183
11432988,912,-1928,16648,-260,410,-157
11443384,884,-1972,16976,-242,458,-139
11453784,932,-2148,17056,-166,564,-121
11464184,976,-2068,16880,-134,524,-88
11474324,880,-2064,16708,-186,553,-44
11484464,1040,-2056,16796,-234,604,8
11494348,984,-2020,16892,-229,651,-5
11504224,824,-2068,17032,-223,664,-33
11514364,788,-2048,16808,-223,420,-94
11524504,808,-2308,16872,-189,320,-216
11534904,792,-1908,16876,-261,135,-193
11545304,984,-2104,16716,-245,297,-176
11555704,836,-2056,17036,-216,319,-120
11566108,984,-1980,16708,-225,250,-82
11576244,960,-2012,16616,-100,506,0
11585868,872,-2096,16776,11,548,88