14996,328,496,16856,-228,305,59
20004,584,504,16792,-241,307,87
25004,472,524,16900,-295,319,67
30008,432,520,16884,-276,335,93
37704,376,648,17116,-289,236,103
46544,440,664,17024,-283,183,77
55124,528,588,16852,-289,189,46
63704,332,572,16964,-261,138,-38
72544,412,496,16768,-287,50,-76
81124,484,584,16760,-334,27,-79
89704,404,684,16716,-368,75,-78
98284,460,660,16804,-391,150,13
106864,592,484,16752,-422,259,95
115704,540,548,17028,-460,221,143
124804,680,596,17052,-412,245,141
133904,716,544,17044,-363,200,52
142744,668,448,16832,-342,48,-121
151844,620,480,16792,-291,-97,-249
161204,604,524,16836,-261,-39,-214
170564,624,544,16816,-265,262,-155
179924,808,448,16924,-433,496,-135
189284,356,236,17172,-577,359,-204
198644,180,292,17012,-541,45,-259
207744,256,232,16964,-378,-42,-211
217108,260,540,16808,-186,51,-59
225944,564,520,16740,-143,170,33
234784,540,400,16964,-284,206,4
243364,572,552,17156,-373,86,-28
252208,548,560,17020,-323,152,-32
261304,664,560,16972,-151,393,-21
270408,752,612,16776,-55,489,-43
279244,752,652,16936,-71,472,-135
288344,656,688,16956,-164,361,-269
297704,436,732,16800,-172,193,-329
307064,384,652,16696,-96,299,-252
316188,500,580,16608,-70,359,-184
325264,488,616,16664,-148,316,-151
334624,480,516,16472,-224,280,-158
343984,348,496,16684,-314,169,-130
353348,344,636,16924,-291,154,-96
362444,436,544,16864,-198,183,-25
371544,576,512,16936,-165,199,-55
380668,452,552,16896,-150,110,-107
390004,600,676,16956,-156,178,-119
399368,584,632,16848,-186,325,-152
408724,404,560,16960,-269,216,-175
418084,436,532,16980,-258,168,-153
427444,500,672,16872,-265,253,-71
436544,452,660,16868,-210,355,-26
445648,484,732,16688,-201,465,-14
454740,504,504,16824,-247,333,0
463324,568,628,16820,-327,285,-66
472424,680,636,16728,-385,325,-78
481524,668,520,16852,-361,381,-177
490884,576,416,17076,-371,248,-281
500268,488,464,17092,-301,206,-307
509604,448,536,16992,-191,257,-264
518964,572,656,16808,-114,331,-203
528324,432,948,16692,-168,423,-131
537688,420,916,16568,-334,472,-93
546784,456,852,16564,-495,466,-44
555884,656,700,16824,-582,406,-77
564984,408,744,16972,-535,367,-109
574344,404,532,16832,-414,376,-144
583708,480,640,16940,-335,337,-147
593064,376,700,16920,-286,399,-101
602424,472,696,16720,-345,558,-3
611264,528,820,16896,-440,582,45
620104,536,600,16784,-479,562,-10
629204,536,680,16836,-447,589,-14
638304,540,728,16792,-433,628,-32
647404,296,680,16884,-470,595,-39
656504,416,540,16816,-480,593,5
665084,448,644,16860,-507,544,-75
674184,456,624,16816,-470,511,-142
683568,256,732,16500,-438,570,-127
692904,372,700,16560,-482,722,-43
702004,268,536,16744,-527,712,-41
711104,172,604,16912,-486,717,-1
719948,220,700,16812,-417,798,46
728784,208,532,16732,-324,995,83
737624,244,580,16728,-275,1172,106
746984,88,772,16700,-263,1168,137
756084,92,688,16536,-271,1284,202
765184,224,676,16616,-406,1145,243
774544,280,464,17116,-565,1075,245
783904,296,632,17060,-598,1007,307
793264,264,444,17068,-652,968,316
802364,440,544,16788,-594,1231,276
811724,356,408,16780,-508,1520,208
821084,220,416,17152,-385,1333,133
830444,156,408,16928,-309,1206,174
839804,196,516,16724,-216,1554,322
849164,288,732,16644,-204,2286,434
858524,0,608,16948,-235,2652,514
867368,-88,528,17036,-301,2453,608
876724,-172,572,17124,-433,2113,672
886344,-88,532,16964,-532,2032,671
895704,40,356,17044,-566,1862,563
904804,48,412,17092,-546,1778,490
913904,60,460,17072,-481,1812,418
923004,28,404,17212,-446,1794,303
932104,-248,300,17280,-390,1559,168
941724,-396,400,17072,-352,1428,205
951348,-380,432,16920,-358,1455,308
960964,-328,428,16860,-396,1404,353
970584,-256,624,16620,-425,1535,442
980204,-196,604,16720,-510,1854,510
989816,-260,504,16940,-620,1960,504
999448,-340,564,16792,-659,2102,438
1009064,-388,524,16884,-624,2555,465
1018948,-628,240,17112,-596,2413,317
1028824,-688,56,17304,-520,2045,174
1038448,-712,128,17072,-442,1801,85
1048064,-688,192,17100,-346,1790,60
1057684,-676,580,16956,-235,2064,102
1067564,-568,700,16872,-190,2534,189
1077444,-384,696,16908,-323,3174,197
1087324,-616,564,16844,-551,3255,83
1096944,-692,972,16596,-646,3699,66
1106588,-796,896,16832,-674,4225,149
1116444,-868,688,16972,-778,4284,60
1126064,-972,648,17168,-837,4089,10
1135688,-1072,612,16996,-889,4192,-59
1145824,-1088,408,16692,-981,4256,-166
1156224,-1248,336,16564,-1039,4320,-300
1166908,-1488,308,16480,-958,4439,-501
1177284,-1680,236,17052,-829,3832,-579
1187684,-1800,404,16832,-681,3368,-596
1198088,-1548,644,16396,-576,3860,-530
1208484,-1660,516,16664,-643,4401,-526
1218884,-1548,624,16348,-908,5029,-391
1229284,-1992,480,16184,-1094,6104,-244
1239944,-2504,196,16732,-1146,5877,-285
1250608,-2716,324,16600,-944,5326,-64
1260744,-2620,32,16552,-848,5057,171
1270624,-2780,68,16620,-824,4750,366
1280504,-2616,-40,16324,-832,4787,425
1290644,-2732,32,16816,-849,4856,394
1300532,-2796,108,16980,-810,4600,296
1310668,-2812,92,16704,-716,4533,147
1320544,-3056,-108,16784,-651,4458,65
1330684,-3404,-52,16772,-607,3765,-13
1340824,-3488,28,16348,-473,3223,32
1350444,-3272,208,15684,-351,3962,268
1360584,-3396,364,16000,-415,5097,594
1370724,-3432,392,16192,-777,5620,862
1380864,-3452,468,16072,-1171,6185,1014
1391524,-3480,404,16348,-1582,6578,1009
1402188,-3548,140,16272,-1715,6583,890
1412584,-3812,92,16336,-1552,6552,776
1422724,-4008,-36,16596,-1238,6430,679
1433148,-4148,160,16184,-898,6628,544
1443264,-3804,4,15572,-794,8074,469
1452884,-4360,-100,16136,-952,8999,506
1463284,-4828,104,16352,-1135,8473,430
1473684,-5088,580,15716,-1100,8285,475
1484084,-5080,400,15860,-1094,8212,538
1494484,-5000,156,15756,-1214,7976,545
1504884,-5108,388,15628,-1254,8294,571
1515284,-5116,208,15804,-1447,8469,444
1525684,-5332,220,15592,-1623,8658,326
1536088,-5368,220,15136,-1661,9935,356
1546484,-5804,164,15548,-1806,10945,430
1557144,-6272,72,15844,-1831,10882,482
1567544,-6440,-68,16072,-1674,10370,520
1578204,-6444,-416,16080,-1509,9903,433
1588864,-6508,-180,15616,-1165,9563,176
1599528,-6520,-240,15252,-866,9960,-110
1610184,-6936,-328,15176,-748,10038,-371
1621104,-7140,32,14932,-672,9825,-610
1631248,-7500,-160,14812,-724,10080,-834
1642164,-7828,16,14416,-638,11065,-829
1652564,-7928,56,14340,-666,12894,-547
1662964,-8104,-300,14780,-967,14096,-491
1673884,-8620,-452,14784,-1086,13884,-702
1685064,-8976,-580,14604,-957,12931,-1006
1696244,-9088,-616,14012,-663,12607,-1293
1707424,-9264,-812,14180,-204,12220,-1711
1718604,-9584,-704,13900,225,11573,-2268
1729524,-9560,-876,13448,649,11176,-2766
1740444,-10220,-824,13260,1201,10608,-2945
1751884,-10648,-480,12288,1592,11137,-2951
1763324,-11016,-500,12876,1446,11569,-2704
1774764,-10848,-168,12252,858,12047,-2223
1785948,-10260,-396,12048,58,13071,-1685
1796892,-10064,-184,12188,-578,13675,-1590
1808304,-10020,-120,12020,-1023,13941,-2088
1820004,-10216,-628,11848,-918,14103,-2870
1831468,-10540,-584,11432,-231,14319,-3715
1842884,-11180,-908,11396,459,14960,-4418
1854064,-12208,-1412,11700,1177,14703,-4982
1865768,-13004,-1072,10928,2011,14275,-4826
1877464,-12896,-1244,10220,2418,13719,-4647
1889164,-13028,-932,9428,2497,13182,-4459
1900344,-12964,-1012,8476,2133,14060,-4225
1911784,-12816,-1072,8304,1410,15632,-3916
1923224,-13468,-1360,8724,761,15152,-3685
1934408,-13892,-1224,8912,361,12953,-3891
1945584,-13988,-776,8076,297,11945,-3960
1956504,-13884,-1392,8108,234,11614,-3777
1967684,-13816,-1540,8064,315,10664,-3796
1978864,-13540,-1440,7372,609,10097,-4045
1990044,-13324,-1544,6960,826,9877,-4299
2000968,-14288,-1376,6428,568,8954,-4834
2011908,-14916,-1372,5460,82,10106,-4998
2022804,-15484,-1696,5772,-436,9584,-4466
2033984,-15476,-1672,5548,-998,9170,-4146
2045164,-15380,-1964,5488,-1468,9496,-3494
2056604,-15484,-2384,5152,-2012,10109,-2733
2068304,-16020,-2188,5404,-2425,9486,-2050
2079748,-15148,-2268,5612,-2481,7557,-1780
2091184,-14588,-2240,5280,-2382,6223,-1990
2102624,-14408,-2296,4708,-2535,6777,-2263
2114088,-14368,-2600,4184,-2824,8243,-2394
2125504,-15056,-2816,4604,-2692,9337,-2113
2136944,-15512,-3080,4812,-2504,8619,-2173
2148388,-15436,-2944,4052,-2453,9234,-1953
2159824,-16076,-3052,4384,-2427,9749,-1363
2171264,-16616,-3432,4160,-2492,8758,-1204
2182704,-16584,-3280,3952,-2837,8543,-595
2193884,-16448,-3380,4048,-3052,8245,80
2204544,-16352,-3464,3600,-2970,7698,299
2215464,-16292,-3488,3476,-2788,8188,543
2226384,-16168,-3396,3712,-2636,8452,1053
2237564,-16004,-3296,3940,-2468,7805,1013
2248756,-15620,-3280,3676,-1974,7632,901
2259664,-15404,-3156,3620,-1155,7516,680
2270584,-15556,-3212,2716,-584,8179,270
2281244,-16128,-2848,2404,-189,8834,225
2291904,-16100,-2768,1736,-341,10519,557
2302828,-16256,-2756,1996,-782,11563,1109
2314004,-16244,-2860,1608,-918,10933,1153
2325184,-16052,-2700,1532,-893,9762,1090
2336104,-15564,-2792,1260,-762,8212,877
2346788,-15372,-2780,1728,-543,6741,304
2357424,-15080,-2736,1072,-7,5615,-366
2367824,-15268,-2592,944,474,5951,-888
2378224,-15800,-2476,948,650,5682,-1009
2388884,-15920,-2568,584,904,5296,-1097
2399544,-16220,-2500,284,1126,4853,-1156
2410464,-16040,-2360,-516,1228,5127,-1025
2421644,-16248,-2716,-480,1178,5402,-797
2432564,-16304,-2808,-668,576,6087,-434
2443224,-16232,-2580,-388,-146,7252,243
2453884,-15688,-2792,-220,-512,7674,667
2464544,-15276,-3024,-36,-630,7041,651
2474944,-14984,-2892,-276,-664,6928,232
2485604,-14952,-2932,180,-592,6552,-123
2496288,-15168,-3000,188,-280,5843,-565
2506924,-14372,-2916,-132,424,5068,-930
2517584,-15232,-3004,-1056,1235,6142,-1337
2529052,-16188,-2848,-632,1721,5575,-1241
2540208,-15792,-2708,-2460,1755,6788,-805
2551384,-15724,-2824,-2508,1295,7684,-445
2562568,-15332,-1836,-3244,590,7829,-235
2573484,-14972,-1908,-3176,6,7510,-389
2583884,-14588,-1920,-3632,-581,7141,-869
2595064,-14916,-2060,-3332,-1195,7558,-1227
2606768,-14860,-2144,-3240,-1696,7904,-1323
2618468,-15024,-2708,-2532,-2046,7824,-1706
2630188,-15248,-3216,-2464,-1695,7505,-2243
2641868,-15916,-3224,-2320,-1062,7079,-2578
2653564,-16012,-3208,-2684,-182,6519,-2671
2665004,-16172,-3080,-2880,177,7064,-2471
2676184,-15800,-3276,-4088,179,8201,-2339
2687364,-15332,-3736,-4992,-33,9672,-2472
2698544,-13740,-4376,-5488,-241,11634,-2631
2710244,-15716,-4868,-5360,-730,10554,-2970
2721944,-16384,-4572,-6448,-1917,7983,-2420
2733648,-15440,-3708,-6520,-2992,7901,-2102
2745348,-14604,-3096,-5328,-3196,9384,-2091
2757044,-13740,-3584,-6120,-2804,14281,-2360
2769008,-13992,-4692,-4728,-1849,17428,-2224
2780964,-15008,-4768,-4612,-1073,16159,-2541
2792924,-15056,-5008,-5120,-428,14420,-2533
2804624,-15432,-4400,-5972,64,13117,-2508
2815804,-15420,-4476,-7460,235,11413,-2464
2827244,-15384,-4372,-8220,-110,9833,-2007
2838684,-15216,-4000,-9096,-1090,9213,-1986
2850384,-14148,-3852,-9788,-2340,10351,-2092
2862344,-13092,-4132,-10556,-3268,14526,-2488
2874564,-12792,-3952,-10324,-3444,18637,-2256
2886784,-13472,-4324,-8760,-2285,21003,-1639
2898744,-13844,-3768,-9072,89,19286,-705
2909664,-14704,-4096,-6412,2248,14210,526
2920848,-13816,-4424,-6300,3716,9113,1801
2932024,-13020,-4352,-9152,4260,5578,2673
2943204,-12280,-4248,-9396,5210,5930,3002
2954384,-12704,-2572,-9532,5219,5601,3075
2965568,-12472,-2424,-10048,4594,5568,3073
2977004,-12160,-2268,-10572,3703,5611,2914
2988436,-11756,-2220,-11560,2875,7446,2977
2999888,-11940,-3280,-11500,2292,10137,3534
3011588,-12528,-3692,-11128,1917,10570,4258
3023284,-12232,-4016,-11484,1817,10478,4833
3034988,-11328,-3916,-11976,1710,10999,5127
3046684,-10684,-4004,-11688,1466,12509,5099
3058384,-10824,-4344,-10652,1201,13116,4602
3070084,-10824,-4436,-10300,1067,11926,3670
3081784,-10980,-4384,-10968,1114,10342,2635
3093484,-10700,-3132,-11240,897,8520,1845
3104664,-10192,-2804,-12404,490,8005,1476
3115844,-9848,-3048,-12924,-125,8942,1634
3127048,-9828,-3228,-12640,-774,10587,2070
3138464,-9676,-3696,-11564,-1460,11122,2540
3150164,-9720,-4032,-10900,-2016,10013,2803
3161888,-9228,-4084,-11488,-2325,8889,2772
3173304,-8712,-4044,-12020,-2428,8431,2546
3184748,-8104,-4204,-13084,-2336,9555,2201
3196184,-7884,-3904,-13264,-2263,10787,1728
3207884,-8112,-3964,-12824,-2153,11298,1286
3219584,-8576,-3920,-13140,-1724,10914,793
3231024,-7816,-3620,-12552,-1456,10600,803
3242464,-7608,-3412,-12392,-1415,10841,1038
3254164,-7564,-3692,-11648,-1472,10308,1133
3265868,-7548,-3948,-11620,-1635,7992,998
3277044,-7244,-3836,-12736,-1991,5562,738
3288224,-7056,-3844,-14448,-2449,4386,443
3299408,-6732,-3700,-16204,-2752,4955,-81
3310584,-6232,-3612,-16976,-2909,7107,-593
3322024,-6344,-3052,-16720,-3026,10011,-1094
3333984,-6496,-2752,-15184,-2860,12309,-1298
3345968,-6452,-2584,-13384,-3076,12075,-573
3357644,-6628,-2852,-12548,-3336,9734,442
3368824,-6220,-2976,-13012,-3370,7405,1233
3380276,-5764,-3240,-14004,-3153,5670,1621
3391704,-5072,-3416,-15960,-2767,5216,1695
3403144,-4404,-3428,-16828,-2274,8015,1330
3414584,-4240,-3164,-16336,-1750,10694,598
3426024,-4612,-2356,-15372,-1333,12025,-93
3437464,-5196,-2288,-14884,-1205,11643,-370
3449164,-4956,-2268,-15164,-1248,10548,-205
3460892,-4728,-2280,-16004,-1384,10995,239
3472304,-4348,-1816,-16140,-1509,12080,390
3483748,-3936,-1868,-15748,-1744,12747,461
3495184,-3824,-1496,-14288,-2236,12100,452
3506624,-3800,240,-13384,-3423,10003,-601
3517804,-2404,-960,-15028,-3953,7781,-1581
3529268,-3208,-1632,-14728,-4430,6183,332
3540424,-3740,-1168,-14432,-4518,4935,1382
3551864,-3012,-864,-15568,-3884,3945,1165
3563068,-2292,-440,-17224,-2967,3999,313
3573968,-1792,-520,-18636,-2588,6756,482
3584876,-2120,-772,-18116,-2404,10615,1243
3596328,-2460,-624,-15696,-2107,12469,1866
3607764,-2464,-732,-13632,-1882,10733,2168
3619204,-1776,-1104,-17188,-928,9417,1849
3630384,-1084,-1876,-19444,1644,12933,228
3641564,-1268,-1716,-17280,1866,13556,-953
3653008,-976,-1420,-16724,-592,12661,-1799
3664444,524,-1760,-17988,-1721,14116,-2339
3675884,184,-1512,-15904,-1189,15627,-2231
3687324,-468,-928,-14988,-574,15114,-1477
3698504,576,-1312,-15420,21,14921,-1190
3709164,1132,-1824,-15420,591,14569,-1202
3720336,1088,-1752,-15128,1095,12483,-1321
3731788,1848,-1328,-16060,1552,11426,-1233
3743224,2176,-1352,-16412,2178,11777,-702
3754408,2256,-1216,-16216,2668,12060,-303
3765584,2612,-1496,-15512,3131,12310,0
3775984,2980,-1304,-15184,3793,12612,487
3786904,3164,-1928,-14356,4775,12765,1145
3798088,3220,-2316,-13932,5749,11398,1790
3809264,3396,-2284,-14252,6439,9482,1900
3820184,4184,-2648,-15384,6696,8680,1826
3831104,4836,-3396,-16324,6492,10742,1396
3842284,4712,-3936,-16108,5873,11828,425
3853204,4656,-3764,-15968,5187,11298,-474
3864384,4824,-3556,-16932,4599,11830,-1241
3875824,5440,-3600,-16636,4252,13310,-1691
3887264,5212,-2900,-15440,4304,14299,-1801
3898704,5092,-2740,-14500,4435,14011,-1737
3910144,5484,-2732,-14732,4010,12598,-1753
3921584,6088,-2904,-15800,3144,12522,-1652
3933024,6860,-3064,-16372,2273,14434,-1387
3944468,6924,-3036,-14788,2048,15332,-1286
3955904,6888,-3008,-13188,2218,13562,-1121
3967344,7516,-3464,-13736,2169,11083,-714
3978524,8056,-4188,-14940,1964,10547,-608
3989704,8380,-4504,-15412,1696,11205,-787
4000884,8380,-4076,-14876,1433,12241,-1003
4012324,8836,-3532,-15020,1016,13902,-1105
4023764,8924,-3540,-13816,1143,15811,-985
4034944,8768,-3524,-11356,1451,15405,-975
4046128,9116,-3592,-11476,1765,13883,-1096
4057564,9484,-3432,-12212,2153,12147,-1136
4069004,9908,-3696,-13436,2153,10751,-975
4080184,10264,-3720,-14276,1989,11027,-657
4091624,10496,-3960,-13772,2007,12171,-448
4103064,10808,-3240,-13772,2181,14219,-552
4114508,11036,-3744,-13028,1986,16451,-717
4125944,11504,-2988,-11804,1581,17656,-767
4137384,11596,-2724,-10452,1026,17188,-734
4148824,11464,-2716,-9296,-75,15050,-316
4159744,12080,-3048,-10204,-1204,13445,292
4171184,12448,-3352,-10892,-1751,13958,1369
4182884,12164,-4000,-11528,-1216,15264,1987
4194584,12404,-4240,-11920,-160,17450,1954
4206024,12564,-5236,-9848,434,18579,1935
4216944,12704,-5316,-8476,903,17266,1081
4227864,13288,-4024,-8668,1242,16735,378
4238784,13692,-3272,-9084,923,17863,537
4249444,13920,-3116,-9280,-407,19550,1129
4260648,13672,-3304,-8008,-1906,20537,1707
4272064,13756,-4008,-6884,-2905,19963,1992
4283504,14788,-4316,-7044,-3742,18637,2142
4294944,15464,-5284,-7584,-4341,18836,1914
4306384,15160,-4664,-7272,-3868,20116,1564
4317824,14384,-4820,-4816,-2958,19552,1154
4329264,14596,-4432,-3536,-1643,15847,402
4340444,15228,-4584,-3160,-1011,13004,203
4351624,15836,-4664,-3832,-700,12060,602
4362544,15628,-4696,-3796,-718,11939,660
4373464,15908,-4340,-4412,-1042,12107,517
4384644,16152,-4604,-6280,-1469,15103,501
4395824,16376,-4872,-6156,-1692,19454,533
4407004,15968,-4764,-4920,-1693,22609,542
4418184,17728,-4852,-3780,-1449,25631,496
4429364,17388,-5524,-1512,-749,28509,-134
4440544,16296,-4228,-408,-429,27789,-550
4451468,15536,-4020,720,-519,26223,-404
4462124,14556,-3724,2460,-147,22317,-526
4473040,14208,-4460,3128,487,15192,-379
4483704,14988,-4472,2340,1076,9564,187
4494104,17000,-3848,-800,1020,9284,678
4504504,18704,-4412,-3516,737,16748,1030
4515424,17564,-4016,-2008,354,24995,638
4526088,16120,-4072,1592,-193,27542,-2
4536484,15752,-4216,2872,-375,27441,-204
4547404,15524,-4336,2896,-422,27981,91
4557804,15116,-4416,3756,-349,28614,304
4568464,14920,-4328,4600,-116,29653,392
4579124,13504,-4336,8492,460,26250,289
4589524,13428,-3856,9352,900,18352,27
4599664,14196,-3752,7164,734,13660,210
4610068,14636,-3708,5416,105,13122,366
4620464,14800,-3176,5664,-492,14678,339
4631124,14596,-3572,6280,-718,17596,379
4641784,13836,-4136,7792,-455,18547,595
4652444,13508,-4272,7840,-125,19114,1001
4663368,12824,-4476,8192,418,21029,1978
4674024,12104,-4600,10008,1025,22079,2853
4685204,10856,-4100,10960,1374,20407,4131
4696384,11480,-4136,11152,1404,16055,4968
4707564,12092,-4324,11088,1369,12241,5102
4718744,12696,-4348,11212,1183,8599,4811
4729664,13456,-4764,10536,934,7045,4450
4740324,14240,-4956,10120,961,8621,4050
4750984,13840,-5092,10028,1004,11188,3459
4762164,13648,-5088,10780,1102,12826,3154
4773344,13116,-5012,10620,1428,14134,2989
4784528,12488,-5120,10520,1716,14886,3215
4795704,12256,-5216,11200,1890,16099,3658
4806884,11016,-5312,10384,2026,17000,4106
4818064,10712,-5180,12460,1978,16247,4670
4829248,11056,-5572,13416,1880,13945,4774
4840424,11704,-5528,12980,1718,11069,4356
4851604,12912,-5764,12136,1530,10765,3671
4862784,12608,-5620,12624,1491,11252,2423
4873964,12676,-4944,12516,1661,11896,1070
4885144,12476,-5132,12240,1843,14039,67
4895808,11744,-5028,12812,1895,15340,-773
4906984,10956,-4780,13024,1953,15638,-2015
4918424,10244,-4788,13460,1870,14949,-2660
4929868,9544,-4936,12952,1732,15395,-2997
4941044,8892,-4844,13664,1476,15122,-3335
4952224,8704,-5460,13132,986,14768,-3320
4963144,8200,-5192,13564,676,15612,-3017
4974064,7020,-4572,14348,557,15990,-3213
4984984,6456,-3680,14416,474,13828,-3528
4995904,6616,-3088,13800,286,12595,-3711
5006824,6596,-3948,13076,-259,12519,-3662
5018004,6024,-3940,14688,-882,11022,-3429
5029184,5632,-2912,14392,-1221,9631,-3009
5040364,4872,-4148,16680,-1025,8538,-2871
5051536,4432,-3344,15868,-826,5026,-2917
5062464,4552,-3360,14940,-856,4069,-2666
5073384,4356,-3232,14856,-1051,4108,-2240
5084564,4460,-3872,15732,-797,5280,-1394
5095488,4272,-3900,16412,-204,5723,-525
5106144,5188,-3716,15520,495,8168,272
5116284,5312,-3256,15868,1088,10623,778
5126944,4968,-4144,16508,1752,11800,869
5137604,4276,-3732,17740,2233,8735,385
5148004,4592,-4328,16128,2261,6329,-235
5158688,4780,-4312,15712,1838,4796,-710
5169324,4960,-4460,15548,1303,3806,-1244
5180244,5168,-4204,15120,1035,4154,-1371
5191164,5092,-4120,15996,1152,5414,-1129
5202084,4756,-3928,17204,1881,6705,-1111
5213004,4336,-3456,17260,2963,7882,-1187
5223924,3928,-3568,17316,3885,8885,-1203
5234844,3556,-3764,17140,4632,8872,-1417
5245764,3344,-3676,16620,4937,8532,-1209
5256688,3196,-3764,16540,5159,8035,-910
5267344,3060,-3368,16500,5292,6866,-918
5278004,3128,-3364,15976,5128,5781,-878
5288664,2996,-2988,16168,4901,5115,-919
5299324,2896,-2820,16740,4912,3924,-819
5310008,2844,-2284,16580,5189,3249,-671
5320644,1928,-2728,17616,5852,2578,-1050
5331564,1892,-2148,17448,6326,1251,-1214
5342484,2116,-2176,16408,6564,848,-1205
5353144,2584,-1892,15852,6740,1335,-1001
5364064,2996,-1888,15884,6743,2875,-769
5374748,2716,-2372,16304,6765,3751,-986
5385384,2596,-980,16408,6875,4280,-861
5395788,2384,-1052,16628,7060,4487,-944
5406468,2124,-800,16516,7174,4391,-896
5416844,2204,-1080,16316,7178,5036,-658
5427504,2604,-1168,16456,7096,6741,-404
5438164,2484,-1224,16848,7065,7998,-34
5448564,1540,-848,17064,7116,8260,172
5458728,828,-588,16828,7192,7578,130
5468584,0,-284,16584,7263,6511,-72
5477944,-208,236,16536,7139,5094,-380
5488084,4,236,16408,6766,3575,-560
5497444,240,104,16716,6358,2238,-632
5507324,836,72,16360,6092,1358,-664
5516944,1208,132,16352,5854,1674,-605
5527084,928,32,16392,5910,2309,-683
5536704,1136,252,16480,6349,3684,-632
5546844,1524,324,16236,7066,5793,-590
5557016,1192,472,16368,7874,8019,-582
5567124,1484,564,15112,8542,10121,-802
5577524,-1016,1480,15404,8834,11661,-765
5588444,-1692,1904,16976,8409,10217,-871
5599364,-844,1824,16524,7682,7459,-992
5609764,-1004,1840,16432,6931,4838,-937
5620424,-1260,1784,16872,6152,-2172,-760
5631344,-360,1912,16444,5655,-3957,-389
5642004,188,1980,16128,5359,-2294,129
5652144,-644,2312,16984,5268,196,750
5662028,-364,2384,17128,5437,-626,1107
5672424,-20,2860,16712,5514,-845,1226
5682564,4,2704,16464,5391,-1006,989
5692184,40,3164,15884,5265,-2268,469
5702064,760,3480,15376,4992,-887,-18
5711948,448,3868,15516,4793,4464,-344
5722084,-100,3624,16520,4774,6064,-313
5732484,64,3720,16548,5014,5780,-350
5742364,-256,4076,17252,5229,4252,-444
5752764,-400,4580,16964,5097,2461,-715
5763168,-820,4636,16632,4618,1123,-605
5773564,-764,4220,15856,4024,386,-530
5783704,-800,4196,14940,3728,810,-1000
5794104,-600,4892,14744,3772,1764,-1594
5804764,-1664,5292,15680,3978,2728,-2071
5815684,-1844,4932,16232,4088,3372,-2389
5826612,-1184,5148,15496,4055,3073,-2363
5837524,-512,5176,14640,3858,1791,-2612
5848184,-1920,5180,16148,3841,1176,-2626
5859104,-976,5352,15024,4125,1273,-2434
5869764,-1208,4932,15508,4606,1508,-2058
5880684,-1204,4920,15984,5165,1410,-1672
5891604,-1460,4812,16084,5402,1124,-1190
5902524,-1476,5172,16376,5148,409,-601
5912924,-1316,5200,16184,4539,-315,-273
5923612,-704,5312,16232,3747,-992,-323
5933984,-776,5316,16216,3178,-1442,-264
5944644,-572,4880,15620,2817,-498,-303
5955044,-76,4052,15476,2824,3192,-328
5965184,-392,5312,16400,3016,4567,-216
5975608,-1080,5416,16440,3197,3278,-308
5986244,-200,5632,15832,3075,4435,-139
5996648,-1244,5656,16044,2686,1441,93
6006788,-1376,5380,15932,1984,1400,317
6017184,-1272,5656,16488,1287,418,204
6027328,-1732,5756,16648,429,-649,319
6037464,-1916,5780,17076,-352,-2382,553
6048124,-2052,5284,16892,-1089,-4632,832
6059048,-1484,5668,16860,-1643,-6560,1201
6070224,-1012,5396,16684,-1919,-8329,1465
6081404,-788,4428,16376,-1578,-8923,1313
6092348,16,5128,16008,-768,-8233,1201
6102464,-48,5260,16440,175,-6073,1398
6112604,448,5096,16044,1092,-3984,1362
6123004,260,5456,16000,1766,-2126,1284
6133404,-332,5832,16280,2137,-1549,1247
6144068,-444,6088,16076,2237,-2199,1092
6154724,44,6376,15788,1956,-2756,808
6164604,400,6268,15824,1639,-2528,697
6174748,588,6196,15752,1463,-2421,766
6184884,212,6312,15624,1328,-2881,1120
6195288,-288,5872,15988,1299,-4409,1368
6205944,-72,5860,15944,1316,-6360,1648
6216344,456,5900,15656,1249,-7446,1863
6226744,568,6108,15528,1378,-7654,1861
6237144,1052,6088,15444,1692,-7304,1621
6247804,1636,5940,14968,2303,-6006,1193
6258464,1820,6020,14892,3012,-3913,654
6268864,1696,6196,14684,3601,-2255,473
6279268,1748,6028,14472,4070,-1416,307
6289664,1576,6260,14660,4449,-1463,237
6300064,1796,6120,14528,4888,-1888,303
6310464,1788,6072,14660,5480,-2756,530
6320864,1552,6376,14600,6126,-4295,886
6331264,1256,6824,15192,7045,-6368,1283
6341924,1088,6416,15292,8430,-8985,1400
6352584,1468,5544,14664,9563,-11102,1204
6363504,1592,6284,14932,10257,-12455,850
6374428,2160,7124,14160,11012,-11780,492
6385344,3208,7896,14060,11086,-9546,-82
6396008,4340,8420,13632,10412,-5397,-525
6406948,4436,8920,13188,9584,-1115,-573
6417584,3772,9184,13876,8874,709,-235
6427728,3352,9684,13464,8296,470,325
6437628,3228,9988,12992,7958,-318,892
6447744,3132,9940,13112,7739,-1563,1244
6458408,3096,10184,13108,7947,-3320,1206
6469324,3164,10284,13076,8504,-4742,664
6479984,3224,10380,13240,9383,-5410,-134
6490904,3708,10244,12644,10282,-5248,-1125
6502348,3696,10288,12568,11355,-4456,-2040
6513784,3560,10348,12904,12165,-4935,-2661
6525224,3804,10664,12428,12866,-5787,-3008
6536664,4436,11152,11264,13252,-5333,-3067
6548104,4584,11788,10812,13421,-4300,-2858
6559544,4540,12000,10148,13525,-3374,-2593
6570984,4164,12416,10264,13574,-3154,-2422
6582424,3836,12688,10040,13822,-3806,-2176
6593868,4032,12720,9640,14331,-4537,-1962
6605044,3804,12568,9412,14913,-5102,-1948
6616224,3832,12772,8836,15430,-5550,-2390
6627408,4064,12840,8812,16020,-5730,-2940
6638584,4052,13344,8464,16564,-5689,-3587
6649764,3980,13752,8332,17017,-5162,-3901
6660944,3876,13816,8280,17514,-5483,-4018
6672156,4068,13708,8136,17618,-6150,-4244
6683304,4180,14068,7356,17398,-5823,-4082
6694484,4480,13968,6700,16780,-4724,-3609
6705664,4528,14088,6344,16023,-3439,-2796
6716844,4368,14472,5896,15207,-2745,-1722
6728024,4248,14660,5332,14599,-2673,-449
6738948,4200,14708,5068,14000,-3525,400
6749608,4448,15096,3820,13607,-3990,906
6760264,4000,15400,3872,13740,-4451,1203
6771184,3632,15272,4508,14291,-6233,1193
6782104,4096,14792,4296,14840,-7895,691
6792764,4316,14748,3852,15016,-8156,26
6803164,4536,14756,3872,14717,-7638,-464
6814084,5068,15236,3104,13897,-6371,-391
6825012,5348,15592,2252,12739,-4028,294
6835664,5692,15836,1124,11799,-1412,1182
6846584,5472,15700,988,11278,323,1994
6856728,4976,15884,1208,11622,343,2413
6867124,4348,15896,1316,12319,-1192,2683
6878044,4140,15528,1444,13156,-3481,2694
6888968,4704,15304,412,13789,-4674,2551
6899624,4800,15544,-124,14162,-4643,2418
6910544,4840,16076,-308,14174,-4352,2265
6921464,5212,16080,-1184,13971,-3596,2060
6932644,5048,15856,-1460,13687,-3103,1920
6943828,4672,15732,-1104,13557,-3470,1928
6955004,4780,15464,-1312,13607,-4625,1970
6966184,5600,15136,-2780,13729,-4314,2046
6977364,5416,15660,-3180,13805,-2798,2204
6988572,5944,15460,-4216,13781,-1251,2393
6999728,5876,15692,-5060,13709,578,2528
7010388,5136,15640,-4180,14095,105,3089
7021044,4180,15268,-2912,14960,-3343,3793
7032224,3764,15044,-2368,16014,-7713,4372
7043404,4316,14932,-2656,16610,-10052,4692
7054844,5360,15072,-4092,16312,-8841,4692
7066024,6676,15060,-5860,15123,-4209,4411
7077204,6768,15448,-6256,13546,842,4157
7087896,6176,15288,-5920,12344,2744,4145
7098784,6552,14492,-6600,11506,3323,4272
7109708,6612,13472,-6580,11754,2730,4444
7120648,6256,13424,-6076,12072,872,4923
7131284,6244,13404,-6524,12773,-809,5752
7142204,6160,13352,-6892,13572,-2146,6512
7153384,5996,13384,-6680,14368,-3591,7213
7164564,5940,13460,-6608,14843,-5343,7550
7175744,6288,13628,-7084,14929,-6238,7675
7186928,6536,13332,-7864,14792,-6076,7441
7198104,6868,12636,-7748,14766,-5810,6923
7209284,6860,12052,-7716,15144,-6116,6328
7220464,6724,11564,-8400,16012,-6207,5860
7231644,7064,10752,-9364,17001,-5392,5170
7242828,7572,10628,-9996,17863,-4597,4116
7254004,7236,10844,-10764,18520,-3510,3205
7265444,7316,10264,-10992,18865,-2799,2495
7276884,6404,9868,-10644,19365,-3381,1925
7288064,5424,9684,-10152,19987,-5548,1490
7299244,5056,9092,-10348,20395,-8443,977
7310164,4856,8724,-10996,20336,-10179,372
7321372,5252,7872,-12232,19775,-9969,-367
7332528,5836,7176,-13188,18989,-8517,-1143
7343964,5652,7360,-12544,18121,-8201,-1880
7355408,5440,7668,-12696,17322,-9079,-2387
7366844,5748,7108,-13352,16462,-9339,-2764
7378284,5640,6776,-13360,15968,-9015,-3236
7389748,5340,6260,-13552,15840,-8362,-3625
7401164,5504,5224,-14076,15995,-7659,-3981
7412604,4612,4752,-13564,16563,-6672,-3960
7424052,3948,4680,-12780,17430,-7611,-3661
7435484,4760,4584,-15096,18148,-7346,-3388
7446928,4428,4336,-15060,18450,-6429,-3432
7458364,4220,3932,-14636,18235,-6928,-4071
7469804,4032,3956,-14876,17637,-6915,-4611
7481244,3784,3584,-15088,16643,-6391,-4816
7492688,3908,3540,-15192,15260,-5318,-4732
7504124,3612,3380,-14460,14113,-4644,-4299
7515564,3264,3124,-14840,13146,-4597,-3639
7527004,3424,1972,-15372,11861,-4681,-3404
7538468,3152,1376,-15692,10533,-4851,-3326
7549884,3312,1392,-15948,9407,-4842,-2877
7561068,2812,1752,-15224,8754,-5206,-1894
7572244,2776,1988,-14640,8529,-5661,-915
7583164,3160,1060,-14760,8792,-5893,-758
7594088,2072,784,-14888,9219,-4817,-1346
7605028,1684,520,-14988,9547,-4203,-2139
7615924,2064,672,-15440,9720,-3612,-2779
7626848,2296,276,-15764,9860,-3162,-3111
7637788,2532,-288,-16116,9821,-3161,-3160
7648944,2248,-680,-16320,9693,-3505,-2934
7660124,1488,-656,-16008,9384,-4180,-2350
7671308,1324,-912,-14760,9113,-5232,-1729
7682484,1500,-992,-15040,9161,-5211,-1421
7693664,1604,-1500,-15500,9491,-3299,-1351
7705128,1104,-2152,-15564,9994,-1927,-1562
7716544,692,-2020,-15748,10448,-1800,-1688
7727984,1128,-2448,-16456,10492,-1797,-1857
7739684,1500,-2708,-16060,10408,-2161,-2220
7751384,1476,-2816,-16348,10427,-2904,-2423
7763084,1500,-2868,-16524,10651,-2867,-2612
7774784,956,-3680,-15232,11163,-3339,-2636
7786248,580,-4500,-15332,11231,-3868,-2648
7797664,544,-4380,-15680,10764,-3225,-2334
7809108,832,-4872,-15628,9949,-2576,-2073
7820284,1088,-5156,-15628,8851,-2079,-1888
7831724,1300,-4944,-16268,8003,-1594,-1610
7843164,1344,-4696,-15768,7417,-1525,-1489
7854608,1304,-4856,-15496,7153,-1701,-1617
7866044,928,-5144,-14920,7200,-2357,-1955
7877224,700,-5592,-15436,7519,-2605,-2189
7888428,632,-6028,-14728,8246,-2410,-2272
7899584,344,-6152,-13592,9459,-3005,-2216
7910764,460,-6644,-14404,10735,-2806,-2259
7922228,1052,-6548,-14648,12201,-1607,-2260
7933904,140,-6684,-14212,13426,-2293,-2089
7945344,-88,-7296,-14140,14002,-3584,-2312
7956784,284,-7596,-13888,14235,-4027,-2534
7968224,60,-7424,-13404,14421,-4079,-2479
7979408,-152,-7088,-13252,14491,-3590,-2072
7991104,192,-7608,-13424,14227,-3120,-1911
8002544,152,-8980,-13312,13734,-3156,-2430
8013984,1300,-9528,-13604,13167,-4644,-3560
8025684,-1068,-9604,-12984,12881,-3381,-3136
8037644,-1600,-9932,-11532,13133,-3436,-2384
8049604,-1212,-11160,-12052,13154,-3390,-1839
8061824,-1464,-10932,-11320,13103,-3071,-1161
8074044,-1580,-10400,-11828,12724,-2260,-233
8086004,-1128,-10620,-11116,12238,-1715,381
8097704,-724,-11204,-11756,11622,-1110,395
8109148,-624,-11764,-11636,11115,-404,145
8120328,-712,-11796,-11524,10612,-597,-269
8131764,-1260,-12712,-10636,10373,-1227,-669
8143724,-1260,-12820,-10680,10637,-1857,-673
8155692,-912,-13080,-10572,10906,-1566,-622
8167384,-796,-13436,-10452,11732,-1340,-596
8179088,-388,-13508,-10308,12358,-846,-529
8190524,-564,-13880,-9736,12868,-450,-489
8201704,-368,-13520,-9636,13099,-380,-396
8212884,-36,-13832,-9788,12782,27,-319
8223284,-56,-13948,-9336,12247,79,-256
8233684,296,-13792,-9532,11627,813,-93
8244084,176,-13960,-9020,10586,1528,-4
8254488,-248,-13736,-8436,9503,1244,-67
8265144,-1112,-14068,-7120,7466,-747,-413
8276324,-944,-13560,-8240,4195,-1388,-912
8287504,84,-13520,-8468,2263,1114,-979
8297904,284,-14816,-7656,1940,2628,-1218
8308828,-24,-15352,-7660,2364,2356,-1356
8319772,160,-15336,-7544,3242,828,-1003
8330404,792,-15068,-8348,5001,-945,2610
8341064,-316,-15728,-7624,6122,-183,4570
8351984,-824,-15044,-6772,6255,-862,3371
8362904,-1204,-13632,-7528,6056,-1739,2737
8374348,-684,-13080,-7820,5392,-1610,2920
8385524,-1196,-13664,-6928,4589,-2393,3146
8396964,-2040,-14240,-7076,4867,-5594,2175
8408404,-1624,-13976,-7108,5256,-6468,1529
8419848,-980,-14548,-6336,5927,-5620,980
8430764,-1236,-15212,-5896,7063,-4776,332
8441948,-1068,-14972,-5676,8151,-3701,-313
8453384,-2804,-14768,-5248,8884,-4648,-653
8464824,-2928,-14468,-5252,9356,-6098,-195
8476264,-2816,-14792,-5332,10056,-5816,393
8487704,-2096,-15892,-5064,10959,-4410,227
8499148,-1292,-16036,-4648,12019,-2119,-222
8510844,-728,-16240,-4240,13712,562,-182
8521768,-908,-16236,-3924,15017,1548,272
8532684,-1632,-16156,-3608,16014,1651,810
8543864,-2764,-15924,-2644,16873,-65,1411
8555068,-3404,-16260,-1324,17845,-1554,1745
8566744,-5448,-17116,56,19042,-11699,1637
8577924,-6884,-17580,952,19762,-25327,1214
8589368,-1188,-17304,-3904,19955,-4109,1104
8601064,68,-18024,-4772,19303,152,674
8611204,-1284,-18064,-3432,18100,-3329,678
8622644,-1144,-16824,-2960,16347,-3132,1055
8634344,-1464,-16396,-1708,14765,-3484,1415
8646044,-1696,-16112,-728,13850,-3529,1778
8657488,-1304,-15716,-200,13297,-3361,1992
8668956,-1112,-15648,-388,12698,-2415,2046
8680364,-888,-15576,-468,11819,-1452,1594
8691544,-480,-15168,-480,11135,-346,893
8702204,-1056,-14848,172,10143,-401,794
8712864,-1860,-15632,364,9594,-270,1130
8723528,-2144,-15988,1480,9408,186,1449
8734184,-1936,-16444,2324,9589,162,1551
8744844,-1932,-16056,3296,9631,-596,1359
8755764,-1756,-15696,3152,9498,-1558,776
8766684,-1644,-15244,3148,9221,-2147,183
8777604,-2072,-15644,3272,8833,-2609,-119
8788784,-2120,-15824,3832,8710,-2238,-417
8799964,-2232,-15524,4204,8636,-2314,-818
8811144,-2784,-15408,4444,8904,-2066,-1122
8822584,-2936,-14228,4608,8982,-2206,-1065
8834024,-3132,-13852,4596,8456,-2806,-773
8845204,-3188,-14184,4768,7472,-2833,-318
8856384,-2716,-14760,4648,6229,-2550,195
8867304,-2416,-15176,4844,5285,-2116,703
8878224,-2468,-15804,6228,4923,-1874,1344
8889408,-2460,-16848,6860,5543,-1625,1937
8900584,-2044,-16484,8176,6873,-1588,2236
8911764,-1884,-15868,8060,8100,-3021,1864
8922944,-2248,-15988,7216,9075,-4561,1235
8934124,-2420,-15856,6444,9673,-5291,583
8945044,-2820,-16220,5972,10057,-5322,298
8956224,-2904,-15496,6368,10267,-5168,148
8967404,-3148,-15240,6344,9880,-5441,-86
8978316,-2860,-14796,5316,9154,-5334,-515
8989504,-2848,-15124,5536,7914,-5306,-310
9000708,-2664,-15728,5328,6850,-4877,89
9011344,-2444,-15820,5716,6158,-3529,347
9022264,-2300,-16020,6756,6068,-2446,518
9033184,-1984,-15448,8020,6332,-2119,620
9044108,-2028,-15160,8084,6751,-2721,561
9055024,-2060,-15608,8004,7108,-2862,407
9065944,-2016,-15136,8204,7218,-3205,131
9076864,-2160,-15348,8188,7204,-3600,-228
9088052,-2388,-14984,8564,7238,-3828,-461
9099224,-2340,-15012,8796,7223,-3803,-456
9110404,-2208,-14900,8580,7344,-2688,-1
9121064,-1892,-14540,8972,7225,-1688,627
9131984,-1816,-14688,9776,7475,-1419,1234
9143164,-1820,-14144,10216,7838,-1171,1550
9154612,-1792,-13108,10032,8151,-1584,1657
9166044,-1820,-12900,9672,7961,-1605,1422
9177228,-1708,-12612,9504,7259,-1249,1067
9188408,-1744,-12960,9928,6613,-969,640
9199064,-1760,-12544,11076,6333,-807,120
9209984,-1748,-11864,11528,6366,-709,-308
9221172,-1780,-11380,12116,6474,-465,-364
9232344,-1528,-11252,11644,6361,-104,-300
9243524,-1840,-12368,11184,6239,587,-233
9254444,-1832,-12476,11604,6084,1254,-416
9265624,-2252,-12504,12520,6431,1049,-517
9276804,-2668,-12604,13340,7408,605,-600
9287732,-2740,-12032,13180,8365,-445,-747
9298904,-2624,-11440,12640,8975,-855,-541
9310084,-2252,-10812,11888,8981,-1080,-167
9321528,-2156,-10924,11424,8632,-1204,276
9332704,-2172,-11236,11632,8250,-1011,361
9343884,-1924,-11056,11756,7903,-870,298
9354804,-1620,-11172,12144,7563,-729,271
9365724,-1532,-11268,12492,7194,-1242,81
9376644,-1884,-11868,12876,7225,-1522,-351
9388088,-1864,-11400,13176,7571,-1360,-510
9399524,-1508,-10700,13500,7954,-1493,-190
9410964,-1344,-10440,13444,7986,-1583,224
9422144,-1472,-10220,13616,8128,-1553,642
9433324,-1652,-10428,13840,8474,-2002,742
9444504,-1672,-10852,13760,8694,-2091,526
9455688,-1396,-10468,13764,8518,-2358,375
9466864,-1208,-10552,13648,8228,-2471,324
9478044,-1024,-9908,13732,7853,-2283,223
9488964,-1000,-9044,14248,7587,-2265,82
9499624,-948,-9032,14420,7362,-2608,-153
9510544,-876,-9060,13416,6902,-2244,-230
9521464,-500,-9544,14020,6699,-1399,-102
9532384,-420,-9252,14872,6505,-1244,-76
9543044,-460,-8552,15092,6325,-1637,-284
9553972,-396,-7752,14824,6171,-2065,-346
9564884,-356,-7596,14520,5810,-2260,-516
9575804,-12,-7348,13784,5225,-1936,-736
9586464,36,-7852,14008,4692,-1021,-1149
9597124,124,-7808,14820,4130,-610,-1657
9607784,200,-7948,14904,4160,-468,-1894
9618448,-244,-8480,15660,4623,-378,-1996
9629364,-412,-7840,15956,5185,-913,-2131
9640284,-444,-7544,15104,5615,-1385,-2466
9651464,-584,-7884,14568,5744,-1195,-2532
9662644,-660,-7540,14596,5642,-846,-2471
9673564,-680,-7120,14740,5500,-383,-2241
9684488,-872,-6744,15432,5428,-367,-1849
9695404,-1116,-6732,15336,5500,-326,-1386
9706588,-988,-6812,15456,5750,-287,-935
9717244,-816,-6484,15508,5849,-1036,-872
9728164,-660,-6676,14592,5707,-1506,-1125
9739348,-508,-7004,14976,5469,-1309,-1434
9750524,-436,-6408,15512,5259,-1821,-1510
9761704,-748,-6784,15620,5386,-2111,-1519
9772884,-772,-6540,16300,5890,-2083,-1205
9784092,-536,-5216,16016,6423,-2128,-662
9794984,120,-4776,15376,6631,-1034,-169
9805644,516,-5048,15584,6369,-356,10
9815524,508,-5540,15532,6037,-427,-348
9825948,392,-5324,15524,5718,-217,-702
9836324,176,-5016,16448,5397,-5,-919
9846204,336,-4772,15940,5418,273,-1165
9856604,564,-5868,15696,5764,1608,-946
9867036,508,-6232,16472,5574,2006,-972
9877404,-12,-5100,16756,5475,1310,-1281
9888064,-580,-4272,17104,5667,794,-1375
9898748,-560,-3940,16208,5215,-186,-1209
9909648,-104,-3660,15548,4297,-12,-1115
9920304,276,-3584,15916,3266,100,-1086
9930704,588,-3192,15716,2084,125,-1371
9941104,556,-3016,15832,1497,714,-1700
9951504,156,-3296,16976,1286,975,-1895
9961904,444,-3444,17224,1371,945,-2056
9972304,360,-3992,17224,1466,721,-2429
9982728,-184,-4464,16848,1393,318,-2906
9993364,-444,-4744,17088,1463,111,-2980
10004024,-452,-4748,16304,1719,326,-2801
10014944,-324,-5172,16564,2101,1472,-2484
10026124,-668,-4888,17208,2627,1652,-2036
10037308,-816,-5180,18140,3670,2187,-1355
10048484,-904,-4468,18492,4711,1510,-805
10059404,-1432,-4468,18388,5833,466,-552
10070324,-1044,-4812,16552,6389,-411,-479
10081504,-852,-4948,16148,6529,-11,-350
10092188,-440,-4976,16104,6455,701,-425
10102836,-596,-4700,17104,6526,321,-818
10113476,-948,-3588,17388,7026,-666,-1000
10124664,-908,-3496,18024,7566,-1805,-982
10135844,-444,-3088,17124,8102,-2592,-883
10147024,120,-2620,16820,8076,-3069,-970
10157944,392,-2752,16252,7747,-2569,-1180
10169124,672,-1532,16544,7146,-2763,-1480
10180304,320,-696,16464,6371,-3012,-1644
10191224,-32,-72,16216,5655,-3483,-1571
10201884,276,-236,15692,4835,-3478,-1368
10212804,256,-552,15844,3926,-3274,-1428
10223728,172,-32,15724,3014,-3055,-1134
10234384,468,-100,16316,2087,-3440,-690
10245044,956,-132,15720,1581,-3160,-239
10255704,1308,-640,16840,1158,-2037,211
10266396,1888,-436,16856,844,-1808,92
10276504,1764,-208,16764,847,-1374,-66
10286904,1776,-420,17096,626,-1143,-159
10297564,1324,-248,16748,355,-1335,-371
10308224,884,-168,16688,-48,-1727,-463
10318624,536,-688,16620,-616,-1990,-100
10329284,624,-628,16180,-1064,-2034,209
10339944,1108,-1124,16540,-1125,-1271,758
10351148,1352,-1416,17308,-1059,-1379,1090
10362564,1628,-1396,17452,-859,-1324,1449
10373744,2160,-1292,17284,-777,-1449,1410
10384948,1968,-1300,17388,-777,-1490,1311
10396104,1792,-1860,17192,-841,-1333,1423
10407284,1336,-2152,17712,-843,-1881,1629
10418464,1688,-2284,17332,-416,-1431,2098
10429648,1896,-2024,18112,-117,-1442,2391
10440816,1720,-1584,17508,300,-1500,2336
10451744,1752,-1004,17592,645,-1328,2756
10462664,1732,-748,17240,609,-1359,3506
10473324,1596,-1004,16348,346,-904,4157
10483984,1960,-1164,16896,6,291,4914
10493864,-116,-8,17872,-113,211,6201
10503744,-660,-468,19584,37,-297,7703
10513884,168,-1356,18260,274,-462,8763
10524284,308,-1560,17544,347,-889,9262
10534684,952,-1820,16884,175,-780,9271
10545084,548,-1816,17260,-179,-1081,9176
10556004,1192,-1796,16852,-154,-695,9202
10566924,2420,-876,17528,292,347,9361
10577064,3224,48,17748,355,371,9492
10586684,3716,788,17460,146,1041,9833
10596824,3728,1268,16964,-431,1274,10053
10607744,2848,664,15904,-1081,1448,10159
10618664,1720,-684,16120,-1779,1152,10412
10629844,36,-1872,17124,-2012,-134,10907
10640764,-676,-1696,16416,-1326,-508,11133
10652204,152,-920,17064,-431,-742,11635
10662864,1056,-868,17096,-200,-1731,12124
10674044,2428,-660,16616,57,-2124,11845
10684704,3556,-844,17152,317,-1931,11131
10695628,3132,-1532,17560,468,-1942,10058
10706804,2648,-2052,16748,816,-1691,8572
10717748,1496,-1728,16376,1112,-1758,7613
10728904,712,-1400,16484,1129,-2266,7668
10739824,280,-92,16052,933,-2740,8519
10749968,448,748,16448,633,-3013,10079
10760364,1508,1160,15280,-58,-2889,11707
10771284,3008,308,15212,-806,-1442,12882
10782204,4348,-320,15012,-1301,662,13013
10793124,4700,-1140,16096,-1575,2069,12109
10804564,3732,-1596,16592,-1734,2521,10851
10816008,2368,-1560,16564,-1674,2225,9795
10827184,844,-1400,16268,-1726,1847,8896
10838108,644,-1072,16408,-1824,839,8201
10848764,392,-808,15972,-1934,-176,7649
10859424,968,-944,15564,-2136,-16,7584
10869828,2880,-1216,15160,-2280,831,7670
10880744,3568,-992,16944,-2072,1509,7362
10891664,3000,-552,17988,-1328,1494,7299
10902588,2392,-832,17272,-833,1204,7558
10913244,1544,-1200,16624,-1104,625,8018
10924164,736,-2656,16224,-1634,-856,7847
10935084,144,-3544,16420,-1979,-1929,7356
10946264,-152,-2504,16472,-2166,-3365,7077
10957704,176,-2180,17084,-1606,-3834,6959
10968884,2320,-1700,17804,-356,-3362,6747
10980064,3356,-704,16568,1007,-2269,7130
10990984,3496,-1648,15940,1174,-897,8102
11001908,2940,-2160,15460,458,786,9024
11012304,1940,-2968,16028,28,1857,9317
11022704,1616,-3092,16808,222,2345,9005
11033364,1412,-3164,16856,535,1771,8095
11044024,1796,-2424,16192,508,1501,7013
11054684,2732,-1716,15996,333,736,6173
11065116,7980,-2136,17320,744,1303,4270
11075744,2184,-2040,19064,3377,2344,3516
11086664,916,-880,15916,3861,2333,5047
11097064,356,-804,15676,3063,3365,6827
11107468,368,-1000,15676,2092,4082,7864
11118124,148,-1468,16352,1436,4239,8541
11128784,1180,-1892,15716,1164,4617,8358
11139704,2048,-2072,16340,843,4488,7395
11150368,764,-4216,18016,1138,3229,5982
11161024,2252,-1488,17544,2044,2591,4415
11171948,1236,2084,20096,1860,-180,4531
11182608,2788,1988,16904,546,-2776,5650
11193264,2344,916,16992,-102,-3861,7784
11203924,1896,320,18652,430,-4985,8627
11214324,2144,280,16868,658,-5592,9303
11224724,1864,-524,15492,219,-5091,9895
11235388,356,-1760,17016,-1059,-2741,10270
11246828,-688,-2352,16496,-3082,-1639,10955
11258524,-888,-2608,16560,-4955,-461,10894
11269964,-412,-2584,17292,-6283,-156,10433
11281404,-212,-3144,17016,-6776,-478,9905
11292584,580,-2392,16540,-6235,522,10105
11303504,1044,-1048,17812,-4822,417,10418
11314684,148,-368,16892,-2911,-596,10914
11325604,-76,-676,16620,-1243,263,11274
11336264,-252,-1864,17256,-278,-933,11072
11347444,-104,-3344,17004,263,-319,10844
11358364,8,-5136,16864,35,834,10351
11367984,-364,-5868,17528,-506,1342,9674
11378904,-452,-6108,17916,-1031,1559,9217
11390084,-632,-5324,17404,-1236,226,9221
11401004,-1052,-4572,16992,-823,-45,9922
11411924,60,-3572,16308,-243,-76,11064
11422324,972,-2088,16628,309,-382,12271
11432988,964,-800,16788,489,-2055,13527
11443644,760,-780,16972,194,-2757,14998
11454304,1548,-1504,17492,-742,-2078,16293
11465748,2352,-2164,17060,-2292,-2173,16776
11477444,2528,-2520,16476,-3913,-1813,16363
11489144,2788,-2800,16780,-4896,-543,15417
11500596,2548,-2160,16452,-5007,166,14395
11511764,1924,-1724,16248,-4328,174,13941
11522944,1320,-1804,16360,-3056,1466,14148
11534388,1328,-2444,16576,-1899,2559,14926
11545824,1840,-3052,16424,-1414,3186,15714
11557264,2324,-3508,16684,-1349,1724,16362
11568696,3456,-3748,15596,-1347,2447,16638
11580144,2932,-4708,15960,-1603,2341,15770
11591584,1376,-4704,16268,-1597,1977,14353
11603028,648,-3388,16384,-1050,2121,13489
11614204,380,-2020,16744,-210,3037,13588
11625124,184,-1076,16596,488,3408,14533
11635788,-120,-892,16528,989,4295,16402
11646448,-452,-1056,17040,1145,5287,18820
11657624,-212,-1256,16648,843,5605,21519
11668548,-332,-2636,16816,372,5796,23558
11679464,-776,-3064,16328,-230,4862,24016
11690644,-1720,-3432,15884,-859,3747,23340
11702084,-2008,-3256,15736,-1267,2990,22077
11713784,-2336,-2884,17148,-1044,1114,20609
11725488,-3036,-2612,17228,-748,823,18711
11736664,-1896,-1960,15472,-582,707,16576
11747848,-1508,-1512,16580,-619,1121,14647
11759284,-1200,-1804,15688,-680,2993,13482
11770724,-464,-2104,16068,-564,3376,13852
11781904,-500,-2216,15688,-202,3955,15200
11793084,-1220,-1892,15596,226,3754,15897
11804264,-2444,-1844,16152,609,2907,15914
11815468,-3148,-1880,16152,875,3285,15159
11826624,-3024,-1264,16212,925,2724,14233
11837804,-3308,-336,16564,908,2027,13974
11848728,-3704,-408,16432,726,2092,13975
11859644,-4216,-356,16700,251,1439,13726
11870564,-4268,-560,16540,-318,1153,13341
11881744,-3636,-936,16196,-916,2054,13131
11892924,-3524,-1660,16220,-1336,2312,13164
11904624,-3584,-2116,16144,-1514,1846,13400
11916328,-3672,-2168,16548,-1159,990,13553
11927764,-3672,-1688,16716,-499,497,13230
11938944,-3892,-676,16864,108,-69,12354
11949628,-4232,368,16660,536,-371,11780
11960268,-4476,856,17144,651,-186,11837
11970924,-4144,932,17320,281,-400,12650
11981608,-3484,296,17180,-153,-607,14333
11992504,-3236,-524,16792,-657,-634,16366
12003684,-3024,-436,16604,-1132,-1068,17521
12015384,-2560,-268,16812,-1393,-1284,17668
12027088,-2392,-320,17076,-1649,-1650,17230
12038776,-2340,-340,17396,-1883,-2053,17391
12050488,-2780,-716,16928,-2439,-2602,18005
12062184,-2916,-1144,16932,-2842,-3086,18276
12074144,-2948,-1116,16728,-3069,-3015,17620
12086104,-2368,-112,16476,-2955,-1880,16217
12097804,-1792,640,15844,-2330,-878,15364
12108984,-1548,1628,16280,-1602,-116,16086
12120424,-1604,2072,16580,-1095,-672,17964
12131888,-1936,2076,16792,-942,-830,19938
12143044,-1956,1436,16208,-1330,96,21316
12153968,-2272,-444,15640,-1991,1196,21927
12165404,-2384,-940,16024,-2499,1326,21324
12176844,-1744,-52,15628,-2505,1604,20190
12188024,-1696,592,15868,-2194,2919,18959
12199204,-2764,1036,16500,-1982,2248,17462
12210644,-3168,1072,16784,-1936,1791,16309
12222108,-2804,1436,16500,-1838,2120,16116
12233524,-2076,2452,15656,-1960,3031,17177
12244964,-2512,1492,15952,-2221,4076,19137
12256404,-2896,-240,16012,-2606,5073,21345
12267844,-3528,-1216,15896,-2968,5122,22713
12279576,-4612,-928,15996,-2936,5558,22863
12290984,-4196,-388,15748,-2623,6218,22389
12302428,-3860,464,16344,-2265,5292,21410
12313608,-3848,1496,15752,-2003,3173,20154
12325044,-3724,2060,15672,-1941,2652,19109
12336484,-4376,2928,16552,-2014,2810,18153
12347948,-5412,3440,16468,-2390,2375,17490
12359364,-6060,3124,17272,-2832,2437,18061
12370804,-6976,3908,15480,-2703,3145,20465
12382248,-5376,2308,15452,-1946,4340,23099
12393684,-3668,-336,16868,-823,3582,23995
12404864,-3032,-1072,16632,-313,2037,23918
12416304,-3188,-200,15076,-430,1444,23379
12427484,-3052,1060,14540,-1135,1871,22453
12438928,-2744,960,16856,-1781,2106,21069
12450104,-4700,1080,18276,-2127,488,19606
12461284,-5492,1612,16812,-2743,-593,18500
12472724,-5024,1636,16580,-3511,-1340,17555
12484424,-4612,1640,16528,-4339,-1221,16243
12496124,-3700,1900,16424,-5108,-425,14197
12507564,-2812,2456,16340,-5615,941,11760
12518744,-2400,1812,15808,-5906,1813,10009
12530188,-3368,1304,15960,-5673,1834,9041
12541364,-4192,1400,16456,-5026,84,9135
12552024,-4576,1888,16688,-4353,-1322,9806
12563468,-4204,2424,17564,-3874,-1935,10411
12575164,-3124,2760,17068,-4055,-2283,10559
12586864,-2588,2796,16896,-4463,-1498,10685
12598564,-2316,2456,16108,-4865,-661,11047
12610004,-2000,1720,16096,-4772,-464,11124
12621468,-2224,1124,16564,-4249,275,10639
12632624,-2580,976,15952,-3544,1081,9939
12643544,-3608,928,17328,-2736,1392,9590
12654464,-4552,1436,17320,-2176,419,9571
12665384,-4348,1776,17044,-1948,-1435,9913
12676824,-3860,1972,16400,-2010,-3274,10793
12688524,-3100,1484,16736,-2183,-3917,11911
12700224,-2484,404,16964,-2107,-2945,12523
12711688,-1456,296,17424,-1743,-2803,12160
12723104,-800,556,15736,-1574,-2780,11485
12734284,-1664,1284,16196,-1634,-646,10924
12745724,-2392,2112,17320,-1777,-440,10520
12757164,-2456,2364,16944,-1990,-570,9931
12768348,-2272,2360,16544,-2248,626,9273
12779292,-1444,2008,16728,-2580,591,8292
12790184,-884,2144,16444,-2748,547,7773
12800844,-824,2360,16264,-2845,848,8350
12811504,-1440,1804,16720,-2804,1368,9579
12822684,-1964,844,16828,-2648,955,10744
12833604,-1920,44,16392,-2518,523,11696
12844268,-1088,608,16632,-2162,352,12105
12855184,-1244,1024,16628,-1784,1034,12270
12866628,-2160,1452,17264,-1400,609,11906
12877804,-2612,1352,17344,-1030,505,11225
12888984,-2484,736,17168,-894,143,10318
12899644,-2144,212,17024,-979,89,9525
12909784,-1612,224,16420,-1207,-238,8941
12920704,-1048,144,16660,-1514,-947,8570
12931624,-1040,472,16420,-1636,-645,8732
12942544,-1368,1500,16488,-1756,-451,9066
12953724,-1040,1500,16392,-2091,330,9029
12964644,-1236,668,17496,-2525,395,8500
12975304,-928,268,17052,-2978,662,7285
12985704,-228,-20,15960,-3425,1166,5629
12996388,-288,-660,16656,-3570,2389,3518
13007284,-260,-1500,15656,-3372,3751,1303
13018464,-792,-1888,16240,-2769,2577,-576
13029644,-1144,-1208,15248,-1474,2375,-1135
13041344,-1960,76,15316,58,848,-769
13050968,-2104,1616,15968,1399,62,99
13060868,-2656,2496,16020,2504,-497,974
13071504,-3648,2900,17824,3014,-574,1277
13082424,-3988,2700,18052,2258,-1468,1467
13093628,-3804,2220,16292,218,-1607,2086
13104528,-3096,1364,15360,-1901,-195,2883
13115704,-3044,324,15644,-3279,1601,3145
13126624,-2604,500,15052,-3894,3552,2873
13137544,-3116,464,16988,-5762,4761,1940
13148464,-2820,512,16488,-5852,4211,1919
13159384,-1292,428,17140,-5475,3317,2941
13170304,188,3520,15632,-6196,2576,5096
13180968,1188,4612,15036,-6205,3526,8129
13191884,148,3252,15740,-5558,4216,11441
13202804,-628,612,16620,-4391,2586,14471
13213728,-992,-1684,16512,-1924,186,16719
13224908,-2100,-1840,14980,292,-1638,16575
13236344,-2328,-2296,16976,1709,-677,14470
13247784,-3688,-2568,18708,2157,-789,9805
13258964,-4496,-2576,19040,1491,-1153,3435
13270404,-3596,-1776,17704,297,-410,-2475
13281584,-2884,-316,16436,-370,844,-5488
13292504,-1664,1752,16312,-696,2277,-4581
13303684,-2356,2708,18280,-2043,4004,-2500
13315128,-3124,2828,17872,-3180,3248,-659
13326304,-3432,2672,17996,-3865,1765,1002
13337484,-1552,2288,17576,-4942,950,3356
13348404,-1000,1800,17440,-5696,-1041,7355
13359868,-1760,-532,16560,-5191,-759,10846
13371284,-616,-1108,16312,-4358,-72,11539
13382464,-2144,-3260,16708,-3081,793,8424
13393668,-3892,-3104,16536,-732,-526,2511
13404824,-2200,-304,16512,1213,672,-1373
13415744,-1768,1936,17236,1556,465,-1458
13426664,-1980,2068,17224,1263,127,270
13437068,-2416,1772,17300,-105,179,2164
13447724,-2624,76,18264,-2292,-2093,3582
13458644,-1620,-460,17752,-3967,-4302,4391
13470084,-1848,-3532,15544,-5163,-5414,3918
13481784,-1100,-4712,16688,-5667,-6400,1952
13493484,-1864,-1152,16276,-6068,-8582,826
13504924,-1276,1580,14852,-7191,-10491,841
13516368,-1628,2220,14108,-7051,-7564,2184
13527836,-2712,540,15312,-6222,-1752,4173
13538984,-3556,376,17880,-5095,1318,6744
13549904,-3204,-504,18520,-3713,1612,9283
13561084,-2540,-1440,18920,-2346,742,10682
13572524,-888,-1944,18732,-1380,-740,11154
13583964,612,-2076,18244,-971,-777,10871
13594884,852,-2764,18248,-438,-478,10116
13605804,424,-2712,18016,94,-349,9198
13615944,228,-2408,17044,485,-523,8428
13626344,-60,-2488,17100,647,-580,7808
13636748,-92,-1716,17216,699,-897,7353
13647144,128,-1804,17120,726,-1611,6994
13657804,-596,-1724,17148,585,-2368,6733
13668724,-1000,-784,17644,616,-4274,6994
13679648,-376,-220,17168,944,-4807,8275
13690304,-148,536,16784,1221,-4175,10013
13701228,292,340,16600,1256,-3971,11339
13711888,528,768,14588,1103,-1887,11680
13722544,1484,1464,14592,976,383,11706
13732948,1464,988,15104,448,1052,11510
13743344,816,232,15192,-429,1354,10802
13753744,-332,-216,15864,-1230,619,10039
13764660,-1640,-260,15632,-2044,-1290,9630
13776108,-2492,-400,15864,-2633,-2344,10138
13787804,-1804,-108,15868,-2908,-1899,11711
13799508,-128,-328,16080,-2812,492,13622
13810456,872,-768,17000,-2403,1455,14525
13821344,828,-2256,16776,-1909,1335,14110
13832524,360,-3220,16756,-1140,1055,12873
13843704,-460,-2364,17352,-600,543,11548
13854624,-716,-1548,16988,-296,-600,10910
13865804,-972,-1464,16360,-545,-1149,10827
13877244,-764,-1116,16712,-919,-1034,10816
13888684,-364,-1356,16260,-1070,-1074,10649
13900384,-792,-1428,16524,-1123,-789,10183
13911848,-1316,-1156,17232,-995,-1992,9611
13923264,-1736,-268,16484,-840,-2797,9694
13934444,-1800,240,16144,-933,-2431,10562
13945624,-1912,328,15736,-1321,-1316,11851
13957068,-2136,-728,16416,-1712,557,12955
13968244,-1812,-1192,17136,-1552,1362,13627
13979944,-1508,-836,17560,-1199,1215,13879
13991384,-1100,-168,16792,-1046,1196,14202
14002824,-40,1432,15892,-1454,1719,14929
14013744,868,1704,15036,-2582,2922,15805
14024664,1284,400,15408,-4119,4777,16446
14035584,1240,-1216,17172,-5157,5120,16001
14047024,928,-2520,18460,-5227,3861,14482
14058204,-84,-3168,18608,-4341,2545,12548
14069384,-1264,-2828,18392,-2815,1619,10609
14081088,-1528,-1048,17972,-1389,1613,9616
14092524,-1452,-96,17316,-671,1269,10039
14103436,-1372,-156,17008,-664,1306,11035
14114624,-1000,-1048,16612,-925,1879,11979
14126064,-672,-1388,17428,-973,2280,12207
14137244,-508,-1480,17344,-975,1842,11717
14148424,-564,-1752,17472,-860,913,10802
14159344,-660,-2036,17572,-729,236,9587
14170004,-1296,-1636,18076,-680,-704,8587
14181184,-1372,-1852,17736,-540,-1925,7986
14192624,-1756,-1928,17532,-407,-3011,7620
14204064,-1776,-1564,17512,-400,-3382,7923
14215504,-1520,-1160,17224,-345,-3577,8927
14226944,-1272,-1276,16752,-32,-3284,9833
14238124,-892,-1428,16952,524,-2123,10309
14249304,-704,-1388,17168,1004,-1524,10322
14260748,-112,-1268,16828,1349,-1100,10068
14272184,12,-932,16600,1270,-464,9841
14282324,-112,-872,16364,789,-363,9909
14292748,-560,-1448,16596,167,-551,10156
14303644,-852,-2068,16576,-322,-612,10615
14314828,-1036,-1584,16948,-552,-573,11339
14326264,-880,-1448,17312,-450,-316,12237
14337448,-468,-1524,16744,-67,493,12830
14348104,-112,-1272,16916,435,1702,12817
14359024,272,-1124,17284,1005,1928,12077
14369944,352,-1316,17560,1483,1711,11187
14380864,120,-1280,17360,1716,1332,10478
14391784,-300,-1064,16948,1712,1161,9970
14402704,-676,-1076,16544,1466,1051,9537
14413624,-732,-864,16144,964,1122,9265
14424024,-824,-732,16364,479,1234,9333
14434416,-820,-396,16728,370,1465,9508
14444824,-480,-36,16560,477,1886,9549
14454964,-152,-136,16620,687,2328,9314
14465364,-156,-480,17040,905,2304,8799
14475764,-472,-588,17144,949,2027,8341
14486164,-756,52,16472,852,1891,8268
14496048,-932,76,16568,754,2223,8219
14505924,-840,-276,16968,815,2104,8082
14516328,-740,-240,16764,946,1653,7753
14526724,-836,-180,16504,1060,1201,7307
14537384,-580,188,16348,1155,1373,6877
14547784,-504,308,16388,1120,1644,6663
14558184,-712,504,15972,941,1670,6293
14568324,-892,836,15692,621,2050,5950
14578464,-844,656,15420,106,2595,5895
14588604,-996,472,15784,-480,3156,5997
14599004,-1104,180,16064,-856,3451,6057
14609664,-984,112,16704,-954,3250,5968
14620064,-1196,120,16720,-861,2876,5682
14630724,-1712,-52,17104,-690,2418,5436
14641388,-1836,-108,16976,-362,2149,5414
14652304,-1960,236,17100,-19,2208,5685
14662708,-2112,616,16884,282,2403,5961
14673104,-2008,1128,16616,536,2592,6171
14683764,-1904,1156,16556,555,2544,6161
14694428,-1704,712,16744,442,2525,5977
14704824,-1824,664,17104,291,2393,5641
14715224,-1784,848,17252,432,2099,5335
14725624,-1740,968,17224,676,1809,5103
14736024,-1736,1020,17048,774,1600,4975
14746688,-1476,956,16784,768,1498,4709
14757084,-1680,1024,16836,663,1033,4125
14767744,-1844,1112,16588,610,407,3562
14778144,-1952,892,16812,671,53,3165
14788024,-2212,980,16220,754,-229,2985
14798424,-2320,1264,16144,762,-453,3100
14809084,-2112,1380,16228,733,-235,3476
14819744,-2016,1668,16204,717,-46,3943
14830144,-1576,1524,16136,667,408,4232
14840544,-1392,1160,16444,580,716,4181
14850944,-1312,712,16616,474,528,3870
14861084,-1332,476,16728,450,20,3427
14870964,-1364,708,16776,525,-358,3092
14881364,-1488,1156,16892,616,-461,3148
14892024,-1428,1568,16720,629,-392,3499
14902684,-1356,1892,16440,558,-175,3868
14913344,-1236,1704,16240,397,66,4095
14923484,-1300,1344,16468,180,535,4237
14933884,-1364,1448,16716,117,873,4328
14944288,-1140,1276,16892,97,1019,4364
14954684,-1340,964,17072,149,1137,4341
14965084,-1500,872,17036,215,856,4159
14975224,-1756,864,16708,231,660,4046
14985364,-2092,944,16644,153,280,4066
14995508,-2132,1420,16448,-33,133,4419
15005904,-2184,1444,16276,-306,697,5044
15016564,-2000,1796,16400,-488,1255,5586
15027484,-1740,1916,16244,-745,1868,6165
15038404,-1784,1428,16376,-1084,2332,6556
15049584,-2004,1248,16464,-1386,2192,6491
15060764,-2016,1424,16376,-1471,2019,6485
15071944,-2028,1172,17028,-1410,1912,6450
15083124,-1852,1376,16784,-1084,1460,6159
15094328,-1428,1416,16548,-775,1429,5905
15105224,-1344,1580,16524,-657,1270,5513
15116144,-1180,2132,16360,-644,1036,4902
15127088,-1340,2428,15956,-813,715,4172
15137724,-1420,2464,15644,-1352,367,3533
15148644,-1628,2268,15920,-2061,349,3160
15159564,-1528,2060,15884,-2545,373,2746
15170484,-1424,2004,16152,-2872,341,2542
15181404,-1468,1732,16240,-3123,240,2117
15192324,-1196,1628,16204,-3282,470,1692
15203244,-956,1108,16776,-3248,805,1272
15213904,-1132,892,17032,-3091,496,698
15224304,-1268,1152,16756,-2784,78,9
15234188,-1532,1080,16848,-2484,-228,-385
15245368,-1748,1328,16856,-2236,-524,-319
15256544,-1844,984,16712,-2044,-422,-247
15267464,-1800,620,16752,-1952,-327,-424
15278384,-1884,524,17180,-1856,-697,-740
15289304,-2124,460,16720,-1775,-865,-956
15300224,-2032,368,16728,-1739,-689,-999
15311144,-1992,160,16968,-1751,-531,-955
15322064,-1980,156,17064,-1701,-410,-969
15332984,-1944,212,16920,-1633,-242,-879
15343904,-1900,212,16924,-1555,-239,-777
15354828,-2340,36,16964,-1502,-515,-802
15365484,-2540,-128,16884,-1337,-553,-705
15376664,-2336,-208,17116,-1035,-341,-246
15387844,-2044,172,17232,-695,-230,188
15398244,-1764,468,17004,-430,-129,376
15408648,-1508,928,16396,-422,-4,429
15418524,-1436,944,16380,-719,107,300
15428668,-1488,408,16472,-892,-40,49
15438544,-1712,284,16928,-930,-313,-194
15449204,-1628,348,16688,-850,-455,-321
15459888,-1436,604,16652,-751,-517,-443
15470524,-1380,832,16424,-806,-563,-624
15481184,-1308,732,16236,-1057,-436,-877
15492108,-1496,-140,16924,-1080,-407,-1123
15503544,-1380,-184,16968,-875,-417,-1115
15514728,-1276,-36,17028,-603,-388,-856
15525388,-1148,260,16984,-447,-523,-641
15536044,-1236,292,16668,-366,-518,-418
15546704,-1080,300,16836,-309,-449,-267
15557388,-936,412,16796,-344,-305,-135
15567764,-800,736,16612,-448,-190,-198
15578168,-576,932,16376,-649,-63,-318
15588304,-476,656,16484,-1019,-11,-451
15598704,-848,88,16956,-1260,122,-679
15608848,-1128,-148,17296,-956,93,-843
15619244,-1024,136,17180,-382,-5,-903
15629388,-988,264,17024,61,-110,-1012
15639524,-1020,664,16824,272,-73,-1104
15649924,-1152,916,16544,116,34,-1061
15660068,-1444,624,16444,-132,276,-973
15670464,-1368,500,16340,-399,362,-874
15680864,-1424,336,16468,-600,233,-759
15691264,-1468,468,16692,-699,168,-784
15701664,-1364,200,16564,-788,48,-764
15711804,-1600,-60,16672,-989,-174,-766
15722464,-1852,-148,16936,-983,-206,-783
15733384,-1740,-32,17116,-563,-266,-555
15744052,-1580,236,16960,-274,-318,-318
15754704,-1300,304,16612,-226,-232,-209
15765364,-952,236,16388,-428,-87,-163
15775528,-824,332,16472,-848,83,-155
15785384,-924,324,16748,-1089,290,-252
15795784,-976,48,17132,-1048,379,-359
15805924,-836,-136,17080,-748,364,-522
15816348,-888,-544,17200,-488,350,-645
15826724,-1192,-556,17336,-167,64,-803
15837124,-1284,-80,17020,122,-75,-830
15847264,-1252,240,16712,237,-66,-700
15857436,-1292,228,16684,112,86,-542
15867284,-1244,188,16720,34,106,-332
15877172,-1264,144,16740,-20,81,-185
15887044,-1128,176,16804,-90,133,-100
15897184,-1128,352,16756,-202,162,-74
15907324,-996,456,16644,-309,214,-121
15917464,-1164,292,16868,-298,403,-238
15927864,-1232,472,16992,-254,474,-276
15938264,-1124,508,16792,-117,416,-222
15948664,-1044,448,16672,-131,454,-282
15959068,-976,384,16440,-285,503,-383
15969204,-1244,128,16808,-378,280,-554
15979608,-1312,268,16716,-262,143,-580
15990004,-1324,248,16680,-227,150,-445
16000404,-1348,360,16712,-196,219,-305
16010804,-1220,548,16464,-290,211,-319
16021204,-1192,408,16468,-520,400,-360
16031604,-1468,8,16856,-676,435,-475
16041488,-1308,-4,17252,-452,332,-504
16051624,-1352,44,17236,-120,191,-563
16061764,-1224,176,16832,72,114,-647
16071644,-1188,436,16572,13,159,-680
16081524,-1316,608,16160,-228,323,-635
16091924,-1504,408,16540,-535,432,-630
16102324,-1444,116,16808,-619,260,-624
16112728,-1576,96,16944,-504,142,-556
16122864,-1468,60,16892,-361,-7,-595
16132744,-1352,168,16840,-324,-30,-560
16143144,-1308,104,16716,-397,106,-393
16153548,-1256,72,17084,-351,259,-311
16163684,-1116,44,16868,-153,327,-219
16173852,-1116,-220,17048,-50,326,-216
16184224,-1348,-228,17136,92,329,-288
16194364,-1472,-44,17024,316,188,-334
16204504,-1564,280,16744,443,5,-465
16214128,-1648,648,16528,418,-94,-517
16224268,-1644,680,16232,283,-112,-568
16234664,-1516,588,16084,-96,76,-538
16244544,-1440,564,16292,-426,-1,-412
16254684,-1332,504,16520,-661,23,-290
16264824,-1332,320,16784,-626,-23,-312
16275224,-1108,392,16920,-453,-129,-319
16285884,-980,248,16772,-274,-147,-380
16296284,-1088,556,16716,-239,-239,-452
16306972,-1020,588,16552,-312,-298,-572